"","Year","Month","PF","PV","cases","Population","cell","prcp","tmean","source"
"1",1989,1,NA,NA,NA,NA,"adjacent",3.74516124110068,25.8000011444092,"cru"
"2",1989,1,NA,NA,NA,NA,"station",5.80000009844381,22.3999996185303,"cru"
"3",1989,2,NA,NA,NA,NA,"adjacent",10.5241383519666,26.2000007629395,"cru"
"4",1989,2,NA,NA,NA,NA,"station",13.4448273757408,22.3999996185303,"cru"
"5",1989,3,NA,NA,NA,NA,"adjacent",6.14193577920236,26.8000011444092,"cru"
"6",1989,3,NA,NA,NA,NA,"station",7.91935483870968,23,"cru"
"7",1989,4,NA,NA,NA,NA,"adjacent",1.67333335876465,25.8000011444092,"cru"
"8",1989,4,NA,NA,NA,NA,"station",2.58666661580404,22.5,"cru"
"9",1989,5,NA,NA,NA,NA,"adjacent",0.664516141337732,24.5,"cru"
"10",1989,5,NA,NA,NA,NA,"station",1.00645163751418,21.8000011444092,"cru"
"11",1989,6,NA,NA,NA,NA,"adjacent",1.64333330790202,23.5,"cru"
"12",1989,6,NA,NA,NA,NA,"station",2.14333343505859,21.2000007629395,"cru"
"13",1989,7,NA,NA,NA,NA,"adjacent",0.241935483870968,23,"cru"
"14",1989,7,NA,NA,NA,NA,"station",0.519354851015152,20.7000007629395,"cru"
"15",1989,8,NA,NA,NA,NA,"adjacent",0.0580645184363087,23.2000007629395,"cru"
"16",1989,8,NA,NA,NA,NA,"station",0.13225806143976,21.2000007629395,"cru"
"17",1989,9,NA,NA,NA,NA,"adjacent",0.336666679382323,23.7000007629395,"cru"
"18",1989,9,NA,NA,NA,NA,"station",0.80333334604899,21.8000011444092,"cru"
"19",1989,10,NA,NA,NA,NA,"adjacent",0.264516122879521,23.8999996185303,"cru"
"20",1989,10,NA,NA,NA,NA,"station",1.24193548387097,21.8000011444092,"cru"
"21",1989,11,NA,NA,NA,NA,"adjacent",0.116666666666667,25,"cru"
"22",1989,11,NA,NA,NA,NA,"station",0.660000038146973,22.5,"cru"
"23",1989,12,NA,NA,NA,NA,"adjacent",0.116129036872618,25,"cru"
"24",1989,12,NA,NA,NA,NA,"station",0.364516135184997,22.2000007629395,"cru"
"25",1990,1,4,53,57,157607,"adjacent",1.20000002461095,26.7000007629395,"cru"
"26",1990,1,4,53,57,157607,"station",1.91935483870968,23.3999996185303,"cru"
"27",1990,2,1,51,52,157607,"adjacent",4.39655172413793,26.8000011444092,"cru"
"28",1990,2,1,51,52,157607,"station",6.02068986563848,23,"cru"
"29",1990,3,3,52,55,157607,"adjacent",2.11290322580645,27.2000007629395,"cru"
"30",1990,3,3,52,55,157607,"station",2.91935483870968,23.2000007629395,"cru"
"31",1990,4,3,33,36,157607,"adjacent",1.78666674296061,26.8000011444092,"cru"
"32",1990,4,3,33,36,157607,"station",3.01999994913737,23.5,"cru"
"33",1990,5,4,55,59,157607,"adjacent",0.690322568339687,25.8999996185303,"cru"
"34",1990,5,4,55,59,157607,"station",1.07096776654644,23.2000007629395,"cru"
"35",1990,6,1,22,23,157607,"adjacent",0.70333334604899,24.8000011444092,"cru"
"36",1990,6,1,22,23,157607,"station",1.07666664123535,22.3000011444092,"cru"
"37",1990,7,6,76,82,157607,"adjacent",0.170967748088221,23.5,"cru"
"38",1990,7,6,76,82,157607,"station",0.367741953942084,21.2000007629395,"cru"
"39",1990,8,6,30,36,157607,"adjacent",0.0806451612903226,23.3999996185303,"cru"
"40",1990,8,6,30,36,157607,"station",0.17741935483871,21.3999996185303,"cru"
"41",1990,9,0,24,24,157607,"adjacent",0.583333333333333,23.8999996185303,"cru"
"42",1990,9,0,24,24,157607,"station",1.25333340962728,22,"cru"
"43",1990,10,2,60,62,157607,"adjacent",0.467741935483871,24.2000007629395,"cru"
"44",1990,10,2,60,62,157607,"station",2.03548394480059,22.1000003814697,"cru"
"45",1990,11,6,46,52,157607,"adjacent",0.163333336512248,25.3000011444092,"cru"
"46",1990,11,6,46,52,157607,"station",0.933333333333333,22.8000011444092,"cru"
"47",1990,12,1,74,75,157607,"adjacent",0.561290310275171,25.6000003814697,"cru"
"48",1990,12,1,74,75,157607,"station",1.73548384635679,22.8000011444092,"cru"
"49",1991,1,9,29,38,163069.6364,"adjacent",1.31612900764711,26.1000003814697,"cru"
"50",1991,1,9,29,38,163069.6364,"station",2.00967739474389,22.8000011444092,"cru"
"51",1991,2,12,80,92,163069.6364,"adjacent",4.54137920511179,27.3000011444092,"cru"
"52",1991,2,12,80,92,163069.6364,"station",6.06206907075028,23.5,"cru"
"53",1991,3,15,75,90,163069.6364,"adjacent",3.40967756702055,27.6000003814697,"cru"
"54",1991,3,15,75,90,163069.6364,"station",4.91612932758945,23.8000011444092,"cru"
"55",1991,4,15,155,170,163069.6364,"adjacent",1.04333337148031,26.8000011444092,"cru"
"56",1991,4,15,155,170,163069.6364,"station",1.6466667175293,23.5,"cru"
"57",1991,5,15,78,93,163069.6364,"adjacent",1.23548384635679,26.3000011444092,"cru"
"58",1991,5,15,78,93,163069.6364,"station",1.82903228267547,23.5,"cru"
"59",1991,6,19,64,83,163069.6364,"adjacent",0.376666673024497,25.1000003814697,"cru"
"60",1991,6,19,64,83,163069.6364,"station",0.593333371480307,22.7000007629395,"cru"
"61",1991,7,4,63,67,163069.6364,"adjacent",0.212903222730083,23.7000007629395,"cru"
"62",1991,7,4,63,67,163069.6364,"station",0.438709689724829,21.3999996185303,"cru"
"63",1991,8,6,62,68,163069.6364,"adjacent",0.116129036872618,23.1000003814697,"cru"
"64",1991,8,6,62,68,163069.6364,"station",0.264516122879521,21.1000003814697,"cru"
"65",1991,9,10,47,57,163069.6364,"adjacent",0.160000006357829,23.8000011444092,"cru"
"66",1991,9,10,47,57,163069.6364,"station",0.393333339691163,21.8000011444092,"cru"
"67",1991,10,8,26,34,163069.6364,"adjacent",0.0870967757317329,24.3000011444092,"cru"
"68",1991,10,8,26,34,163069.6364,"station",0.425806445460164,22,"cru"
"69",1991,11,0,38,38,163069.6364,"adjacent",0.25666667620341,24.8000011444092,"cru"
"70",1991,11,0,38,38,163069.6364,"station",1.38333333333333,22.3000011444092,"cru"
"71",1991,12,1,30,31,163069.6364,"adjacent",0.464516147490471,26,"cru"
"72",1991,12,1,30,31,163069.6364,"station",1.48064521051222,23.2000007629395,"cru"
"73",1992,1,2,25,27,168532.2727,"adjacent",1.87741937944966,27.2000007629395,"cru"
"74",1992,1,2,25,27,168532.2727,"station",2.74516124110068,23.8999996185303,"cru"
"75",1992,2,6,42,48,168532.2727,"adjacent",3.89310350089238,27.3999996185303,"cru"
"76",1992,2,6,42,48,168532.2727,"station",5.296551934604,23.6000003814697,"cru"
"77",1992,3,1,9,10,168532.2727,"adjacent",8.21290342269406,27.8999996185303,"cru"
"78",1992,3,1,9,10,168532.2727,"station",10.1354842647429,24.1000003814697,"cru"
"79",1992,4,7,26,33,168532.2727,"adjacent",5.48999989827473,27.8999996185303,"cru"
"80",1992,4,7,26,33,168532.2727,"station",8.26000010172527,24.6000003814697,"cru"
"81",1992,5,14,34,48,168532.2727,"adjacent",2.94193563153667,27.1000003814697,"cru"
"82",1992,5,14,34,48,168532.2727,"station",4.09032267908897,24.3999996185303,"cru"
"83",1992,6,19,39,58,168532.2727,"adjacent",1.18333333333333,25.1000003814697,"cru"
"84",1992,6,19,39,58,168532.2727,"station",1.78666674296061,22.7000007629395,"cru"
"85",1992,7,50,64,114,168532.2727,"adjacent",1.26451615364321,23.3000011444092,"cru"
"86",1992,7,50,64,114,168532.2727,"station",2.51612903225806,21,"cru"
"87",1992,8,11,17,28,168532.2727,"adjacent",0.0838709723564887,23.3999996185303,"cru"
"88",1992,8,11,17,28,168532.2727,"station",0.174193551463465,21.3999996185303,"cru"
"89",1992,9,10,18,28,168532.2727,"adjacent",0.263333336512248,23.5,"cru"
"90",1992,9,10,18,28,168532.2727,"station",0.670000012715657,21.6000003814697,"cru"
"91",1992,10,7,27,34,168532.2727,"adjacent",0.0741935468489123,24.2000007629395,"cru"
"92",1992,10,7,27,34,168532.2727,"station",0.354838709677419,22.1000003814697,"cru"
"93",1992,11,12,25,37,168532.2727,"adjacent",0.160000006357829,24.5,"cru"
"94",1992,11,12,25,37,168532.2727,"station",0.89666665395101,22,"cru"
"95",1992,12,12,33,45,168532.2727,"adjacent",0.241935483870968,25.2000007629395,"cru"
"96",1992,12,12,33,45,168532.2727,"station",0.774193548387097,22.3999996185303,"cru"
"97",1993,1,13,41,54,173994.9091,"adjacent",1.66129032258065,26.3999996185303,"cru"
"98",1993,1,13,41,54,173994.9091,"station",2.67741935483871,23,"cru"
"99",1993,2,25,37,62,173994.9091,"adjacent",5.26551713614628,26.8999996185303,"cru"
"100",1993,2,25,37,62,173994.9091,"station",7.33793113971579,23,"cru"
"101",1993,3,44,72,116,173994.9091,"adjacent",8.47419394216229,27,"cru"
"102",1993,3,44,72,116,173994.9091,"station",11.1935483870968,23.2000007629395,"cru"
"103",1993,4,37,52,89,173994.9091,"adjacent",5.33999989827473,27,"cru"
"104",1993,4,37,52,89,173994.9091,"station",7.96000010172527,23.6000003814697,"cru"
"105",1993,5,21,54,75,173994.9091,"adjacent",1.41935483870968,26.3999996185303,"cru"
"106",1993,5,21,54,75,173994.9091,"station",2.01290327502835,23.7000007629395,"cru"
"107",1993,6,59,110,169,173994.9091,"adjacent",0.380000019073487,25.3000011444092,"cru"
"108",1993,6,59,110,169,173994.9091,"station",0.570000012715657,22.8999996185303,"cru"
"109",1993,7,57,101,158,173994.9091,"adjacent",0.164516125955889,24.2000007629395,"cru"
"110",1993,7,57,101,158,173994.9091,"station",0.358064528434506,21.8999996185303,"cru"
"111",1993,8,64,82,146,173994.9091,"adjacent",0.0774193579150784,24.1000003814697,"cru"
"112",1993,8,64,82,146,173994.9091,"station",0.170967748088221,22,"cru"
"113",1993,9,73,92,165,173994.9091,"adjacent",0.2,24.2000007629395,"cru"
"114",1993,9,73,92,165,173994.9091,"station",0.51333335240682,22.3000011444092,"cru"
"115",1993,10,41,72,113,173994.9091,"adjacent",0.161290322580645,24.2000007629395,"cru"
"116",1993,10,41,72,113,173994.9091,"station",0.825806463918377,22.1000003814697,"cru"
"117",1993,11,41,90,131,173994.9091,"adjacent",0.096666669845581,24.3999996185303,"cru"
"118",1993,11,41,90,131,173994.9091,"station",0.55333334604899,21.8000011444092,"cru"
"119",1993,12,28,146,174,173994.9091,"adjacent",0.777419367144184,25.3999996185303,"cru"
"120",1993,12,28,146,174,173994.9091,"station",2.5999999507781,22.7000007629395,"cru"
"121",1994,1,20,100,120,179457.5455,"adjacent",2.86774198470577,26.1000003814697,"cru"
"122",1994,1,20,100,120,179457.5455,"station",4.65806481146042,22.8000011444092,"cru"
"123",1994,2,9,62,71,179457.5455,"adjacent",2.675862016349,26.7000007629395,"cru"
"124",1994,2,9,62,71,179457.5455,"station",3.97586217419855,22.8999996185303,"cru"
"125",1994,3,10,113,123,179457.5455,"adjacent",10.241935483871,26.6000003814697,"cru"
"126",1994,3,10,113,123,179457.5455,"station",12.6774193548387,22.8999996185303,"cru"
"127",1994,4,6,92,98,179457.5455,"adjacent",3.92333348592123,26.5,"cru"
"128",1994,4,6,92,98,179457.5455,"station",5.7866668701172,23.2000007629395,"cru"
"129",1994,5,12,104,116,179457.5455,"adjacent",1.4000000492219,25.8000011444092,"cru"
"130",1994,5,12,104,116,179457.5455,"station",1.91612908147996,23.1000003814697,"cru"
"131",1994,6,10,142,152,179457.5455,"adjacent",0.393333339691163,24.3000011444092,"cru"
"132",1994,6,10,142,152,179457.5455,"station",0.656666692097983,21.8999996185303,"cru"
"133",1994,7,7,81,88,179457.5455,"adjacent",0.219354844862415,23.3000011444092,"cru"
"134",1994,7,7,81,88,179457.5455,"station",0.477419360991448,21.1000003814697,"cru"
"135",1994,8,9,102,111,179457.5455,"adjacent",0.13225806143976,23.1000003814697,"cru"
"136",1994,8,9,102,111,179457.5455,"station",0.300000006152737,21.1000003814697,"cru"
"137",1994,9,2,67,69,179457.5455,"adjacent",0.136666663487752,24,"cru"
"138",1994,9,2,67,69,179457.5455,"station",0.33999999364217,22.1000003814697,"cru"
"139",1994,10,3,48,51,179457.5455,"adjacent",0.167741944712977,24.6000003814697,"cru"
"140",1994,10,3,48,51,179457.5455,"station",0.803225794146139,22.5,"cru"
"141",1994,11,9,55,64,179457.5455,"adjacent",0.120000004768372,24.8999996185303,"cru"
"142",1994,11,9,55,64,179457.5455,"station",0.70333334604899,22.3999996185303,"cru"
"143",1994,12,6,41,47,179457.5455,"adjacent",0.983870967741935,25.8000011444092,"cru"
"144",1994,12,6,41,47,179457.5455,"station",2.96774193548387,23,"cru"
"145",1995,1,0,70,70,184920.1818,"adjacent",1.97096781576834,27.1000003814697,"cru"
"146",1995,1,0,70,70,184920.1818,"station",2.78064530895602,23.8000011444092,"cru"
"147",1995,2,1,52,53,184920.1818,"adjacent",3.38275856807314,27.2000007629395,"cru"
"148",1995,2,1,52,53,184920.1818,"station",4.55862058442214,23.3999996185303,"cru"
"149",1995,3,4,54,58,184920.1818,"adjacent",2.53870982508505,27.1000003814697,"cru"
"150",1995,3,4,54,58,184920.1818,"station",3.46451617825416,23.3000011444092,"cru"
"151",1995,4,2,40,42,184920.1818,"adjacent",1.6,26.7000007629395,"cru"
"152",1995,4,2,40,42,184920.1818,"station",2.58666661580404,23.3999996185303,"cru"
"153",1995,5,4,36,40,184920.1818,"adjacent",0.890322592950636,25.7000007629395,"cru"
"154",1995,5,4,36,40,184920.1818,"station",1.34193555770382,23,"cru"
"155",1995,6,1,21,22,184920.1818,"adjacent",0.366666666666667,25.2000007629395,"cru"
"156",1995,6,1,21,22,184920.1818,"station",0.540000025431317,22.8000011444092,"cru"
"157",1995,7,2,6,8,184920.1818,"adjacent",0.464516147490471,24.1000003814697,"cru"
"158",1995,7,2,6,8,184920.1818,"station",0.987096786499023,21.8000011444092,"cru"
"159",1995,8,3,26,29,184920.1818,"adjacent",0.151612912454913,23.7000007629395,"cru"
"160",1995,8,3,26,29,184920.1818,"station",0.29677418739565,21.7000007629395,"cru"
"161",1995,9,0,13,13,184920.1818,"adjacent",0.113333336512248,24.2000007629395,"cru"
"162",1995,9,0,13,13,184920.1818,"station",0.276666673024495,22.3999996185303,"cru"
"163",1995,10,0,15,15,184920.1818,"adjacent",0.0838709723564887,24.5,"cru"
"164",1995,10,0,15,15,184920.1818,"station",0.393548380944035,22.3000011444092,"cru"
"165",1995,11,4,19,23,184920.1818,"adjacent",0.316666666666667,24.5,"cru"
"166",1995,11,4,19,23,184920.1818,"station",1.8466667175293,22,"cru"
"167",1995,12,0,14,14,184920.1818,"adjacent",0.364516135184997,25,"cru"
"168",1995,12,0,14,14,184920.1818,"station",1.23548384635679,22.2000007629395,"cru"
"169",1996,1,4,21,25,190382.8182,"adjacent",1.74516136415543,25.7000007629395,"cru"
"170",1996,1,4,21,25,190382.8182,"station",2.71612917992376,22.3999996185303,"cru"
"171",1996,2,0,13,13,190382.8182,"adjacent",3.41724132669383,26.5,"cru"
"172",1996,2,0,13,13,190382.8182,"station",5.04827617776803,22.7000007629395,"cru"
"173",1996,3,2,22,24,190382.8182,"adjacent",4.48709697108116,27.1000003814697,"cru"
"174",1996,3,2,22,24,190382.8182,"station",5.90000029533139,23.3000011444092,"cru"
"175",1996,4,4,9,13,190382.8182,"adjacent",2.03666674296061,26,"cru"
"176",1996,4,4,9,13,190382.8182,"station",3.2966667175293,22.7000007629395,"cru"
"177",1996,5,4,5,9,190382.8182,"adjacent",0.458064509976294,25.1000003814697,"cru"
"178",1996,5,4,5,9,190382.8182,"station",0.680645173595797,22.3999996185303,"cru"
"179",1996,6,3,8,11,190382.8182,"adjacent",0.310000006357829,23.3999996185303,"cru"
"180",1996,6,3,8,11,190382.8182,"station",0.506666660308837,21.1000003814697,"cru"
"181",1996,7,2,6,8,190382.8182,"adjacent",0.29677418739565,22.7000007629395,"cru"
"182",1996,7,2,6,8,190382.8182,"station",0.632258076821603,20.6000003814697,"cru"
"183",1996,8,1,5,6,190382.8182,"adjacent",0.0935483901731429,23.2000007629395,"cru"
"184",1996,8,1,5,6,190382.8182,"station",0.209677419354839,21.2000007629395,"cru"
"185",1996,9,0,5,5,190382.8182,"adjacent",0.230000003178914,23.6000003814697,"cru"
"186",1996,9,0,5,5,190382.8182,"station",0.586666679382323,21.7000007629395,"cru"
"187",1996,10,0,9,9,190382.8182,"adjacent",0.167741944712977,23.3999996185303,"cru"
"188",1996,10,0,9,9,190382.8182,"station",0.841935496176442,21.3000011444092,"cru"
"189",1996,11,2,7,9,190382.8182,"adjacent",0.1,24.8000011444092,"cru"
"190",1996,11,2,7,9,190382.8182,"station",0.563333320617677,22.2000007629395,"cru"
"191",1996,12,3,12,15,190382.8182,"adjacent",0.232258073745235,25.2000007629395,"cru"
"192",1996,12,3,12,15,190382.8182,"station",0.76451615364321,22.3999996185303,"cru"
"193",1997,1,4,11,15,195845.4545,"adjacent",1.73225808912708,26.3000011444092,"cru"
"194",1997,1,4,11,15,195845.4545,"station",2.60322595411731,23,"cru"
"195",1997,2,1,8,9,195845.4545,"adjacent",3.04827591468548,26.6000003814697,"cru"
"196",1997,2,1,8,9,195845.4545,"station",4.23103464060817,22.8000011444092,"cru"
"197",1997,3,2,9,11,195845.4545,"adjacent",7.9225808420489,27.2000007629395,"cru"
"198",1997,3,2,9,11,195845.4545,"station",9.44516188098539,23.3999996185303,"cru"
"199",1997,4,4,13,17,195845.4545,"adjacent",5.56000010172527,27.6000003814697,"cru"
"200",1997,4,4,13,17,195845.4545,"station",7.9,24.2000007629395,"cru"
"201",1997,5,13,6,19,195845.4545,"adjacent",1.72903233189737,27.3999996185303,"cru"
"202",1997,5,13,6,19,195845.4545,"station",2.50967751779864,24.7000007629395,"cru"
"203",1997,6,11,4,15,195845.4545,"adjacent",1.66666666666667,26.6000003814697,"cru"
"204",1997,6,11,4,15,195845.4545,"station",2.39000015258789,24.1000003814697,"cru"
"205",1997,7,5,8,13,195845.4545,"adjacent",0.287096792651761,25.2000007629395,"cru"
"206",1997,7,5,8,13,195845.4545,"station",0.603225831062564,22.8000011444092,"cru"
"207",1997,8,10,12,22,195845.4545,"adjacent",1.14516129032258,24.7000007629395,"cru"
"208",1997,8,10,12,22,195845.4545,"station",2.41290332425025,22.6000003814697,"cru"
"209",1997,9,0,3,3,195845.4545,"adjacent",0.280000019073486,25.2000007629395,"cru"
"210",1997,9,0,3,3,195845.4545,"station",0.686666679382323,23.3000011444092,"cru"
"211",1997,10,1,8,9,195845.4545,"adjacent",0.287096792651761,25.5,"cru"
"212",1997,10,1,8,9,195845.4545,"station",1.40322580645161,23.3999996185303,"cru"
"213",1997,11,4,5,9,195845.4545,"adjacent",0.740000025431317,25.8999996185303,"cru"
"214",1997,11,4,5,9,195845.4545,"station",3.8900001525879,23.3000011444092,"cru"
"215",1997,12,2,4,6,195845.4545,"adjacent",0.803225794146139,26.8000011444092,"cru"
"216",1997,12,2,4,6,195845.4545,"station",2.53870982508505,24,"cru"
"217",1998,1,10,19,29,201308.091,"adjacent",1.73548384635679,27.7000007629395,"cru"
"218",1998,1,10,19,29,201308.091,"station",2.4741936960528,24.3999996185303,"cru"
"219",1998,2,15,13,28,201308.091,"adjacent",7.94137941557786,28.1000003814697,"cru"
"220",1998,2,15,13,28,201308.091,"station",10.5172413793103,24.3000011444092,"cru"
"221",1998,3,16,50,66,201308.091,"adjacent",7.31935513404107,28.5,"cru"
"222",1998,3,16,50,66,201308.091,"station",9.47741994550152,24.6000003814697,"cru"
"223",1998,4,15,59,74,201308.091,"adjacent",3.25,28.5,"cru"
"224",1998,4,15,59,74,201308.091,"station",4.93333333333333,25.1000003814697,"cru"
"225",1998,5,25,62,87,201308.091,"adjacent",4.08064516129032,27.3999996185303,"cru"
"226",1998,5,25,62,87,201308.091,"station",5.70645190823461,24.6000003814697,"cru"
"227",1998,6,39,135,174,201308.091,"adjacent",2.69333343505859,26,"cru"
"228",1998,6,39,135,174,201308.091,"station",3.9033332824707,23.6000003814697,"cru"
"229",1998,7,111,254,365,201308.091,"adjacent",1.00645163751418,24.8999996185303,"cru"
"230",1998,7,111,254,365,201308.091,"station",1.93225811373803,22.6000003814697,"cru"
"231",1998,8,200,318,518,201308.091,"adjacent",0.125806454689272,24.3999996185303,"cru"
"232",1998,8,200,318,518,201308.091,"station",0.287096792651761,22.3999996185303,"cru"
"233",1998,9,133,196,329,201308.091,"adjacent",0.183333333333333,24.2000007629395,"cru"
"234",1998,9,133,196,329,201308.091,"station",0.46000000635783,22.3000011444092,"cru"
"235",1998,10,100,77,177,201308.091,"adjacent",0.167741944712977,24.5,"cru"
"236",1998,10,100,77,177,201308.091,"station",0.848387133690619,22.3999996185303,"cru"
"237",1998,11,57,59,116,201308.091,"adjacent",0.370000012715657,25,"cru"
"238",1998,11,57,59,116,201308.091,"station",1.9466667175293,22.5,"cru"
"239",1998,12,107,60,167,201308.091,"adjacent",0.187096780346286,25.5,"cru"
"240",1998,12,107,60,167,201308.091,"station",0.606451649819652,22.7000007629395,"cru"
"241",1999,1,86,57,143,206770.7273,"adjacent",2.68387111540764,26.2000007629395,"cru"
"242",1999,1,86,57,143,206770.7273,"station",3.99677424277029,22.8999996185303,"cru"
"243",1999,2,61,64,125,206770.7273,"adjacent",9.00344848632814,26.8999996185303,"cru"
"244",1999,2,61,64,125,206770.7273,"station",12.1931036587419,23,"cru"
"245",1999,3,124,62,186,206770.7273,"adjacent",10.0096780100176,27.3000011444092,"cru"
"246",1999,3,124,62,186,206770.7273,"station",12.1290322580645,23.5,"cru"
"247",1999,4,201,124,325,206770.7273,"adjacent",3.68000005086263,26.3000011444092,"cru"
"248",1999,4,201,124,325,206770.7273,"station",5.43999989827473,22.8999996185303,"cru"
"249",1999,5,311,102,413,206770.7273,"adjacent",2.02903230728642,24.8999996185303,"cru"
"250",1999,5,311,102,413,206770.7273,"station",2.96451617825416,22.2000007629395,"cru"
"251",1999,6,305,131,436,206770.7273,"adjacent",0.51000000635783,23.8999996185303,"cru"
"252",1999,6,305,131,436,206770.7273,"station",0.770000012715657,21.5,"cru"
"253",1999,7,128,68,196,206770.7273,"adjacent",0.209677419354839,22.6000003814697,"cru"
"254",1999,7,128,68,196,206770.7273,"station",0.454838721982894,20.3999996185303,"cru"
"255",1999,8,82,78,160,206770.7273,"adjacent",0.196774190472018,23.2000007629395,"cru"
"256",1999,8,82,78,160,206770.7273,"station",0.425806445460164,21.2000007629395,"cru"
"257",1999,9,84,64,148,206770.7273,"adjacent",0.706666692097983,23.5,"cru"
"258",1999,9,84,64,148,206770.7273,"station",1.79333330790202,21.8999996185303,"cru"
"259",1999,10,70,49,119,206770.7273,"adjacent",0.129032258064516,23.8000011444092,"cru"
"260",1999,10,70,49,119,206770.7273,"station",0.5870967988045,21.7000007629395,"cru"
"261",1999,11,78,45,123,206770.7273,"adjacent",0.109999998410543,24.2000007629395,"cru"
"262",1999,11,78,45,123,206770.7273,"station",0.620000012715657,21.7000007629395,"cru"
"263",1999,12,158,84,242,206770.7273,"adjacent",1.34193555770382,24.8999996185303,"cru"
"264",1999,12,158,84,242,206770.7273,"station",4.0741936468309,22.1000003814697,"cru"
"265",2000,1,152,90,242,212233.3636,"adjacent",2.49032272831086,25.8000011444092,"cru"
"266",2000,1,152,90,242,212233.3636,"station",3.74516124110068,22.5,"cru"
"267",2000,2,160,78,238,212233.3636,"adjacent",4.03103453537514,26.3999996185303,"cru"
"268",2000,2,160,78,238,212233.3636,"station",5.63448307431976,22.6000003814697,"cru"
"269",2000,3,343,108,451,212233.3636,"adjacent",4.90322580645161,26.3999996185303,"cru"
"270",2000,3,343,108,451,212233.3636,"station",6.6225807436051,22.6000003814697,"cru"
"271",2000,4,364,127,491,212233.3636,"adjacent",9.8433339436849,26.2000007629395,"cru"
"272",2000,4,364,127,491,212233.3636,"station",13.8,22.8999996185303,"cru"
"273",2000,5,525,168,693,212233.3636,"adjacent",4.91612932758945,25,"cru"
"274",2000,5,525,168,693,212233.3636,"station",6.5290325533959,22.3000011444092,"cru"
"275",2000,6,267,107,374,212233.3636,"adjacent",0.856666692097983,23.8999996185303,"cru"
"276",2000,6,267,107,374,212233.3636,"station",1.28333333333333,21.5,"cru"
"277",2000,7,212,68,280,212233.3636,"adjacent",0.0903225791069768,23.1000003814697,"cru"
"278",2000,7,212,68,280,212233.3636,"station",0.187096780346286,20.8000011444092,"cru"
"279",2000,8,228,54,282,212233.3636,"adjacent",0.154838715830157,23.5,"cru"
"280",2000,8,228,54,282,212233.3636,"station",0.341935496176442,21.5,"cru"
"281",2000,9,130,59,189,212233.3636,"adjacent",0.35333334604899,23.3999996185303,"cru"
"282",2000,9,130,59,189,212233.3636,"station",0.90333334604899,21.5,"cru"
"283",2000,10,132,64,196,212233.3636,"adjacent",0.0677419400984242,24.5,"cru"
"284",2000,10,132,64,196,212233.3636,"station",0.306451612903226,22.3999996185303,"cru"
"285",2000,11,159,67,226,212233.3636,"adjacent",0.373333326975503,24.3999996185303,"cru"
"286",2000,11,159,67,226,212233.3636,"station",2.06666666666667,22,"cru"
"287",2000,12,72,36,108,212233.3636,"adjacent",0.516129032258065,25.2000007629395,"cru"
"288",2000,12,72,36,108,212233.3636,"station",1.59677419354839,22.3999996185303,"cru"
"289",2001,1,127,52,179,217696,"adjacent",6.83225816295994,26.6000003814697,"cru"
"290",2001,1,127,52,179,217696,"station",9.46451593214464,23.3000011444092,"cru"
"291",2001,2,71,28,99,217696,"adjacent",3.13103458799165,27.3999996185303,"cru"
"292",2001,2,71,28,99,217696,"station",4.26551739922886,23.6000003814697,"cru"
"293",2001,3,96,44,140,217696,"adjacent",3.0999999507781,26.8000011444092,"cru"
"294",2001,3,96,44,140,217696,"station",3.848387195218,23,"cru"
"295",2001,4,122,48,170,217696,"adjacent",7.4933334350586,26.5,"cru"
"296",2001,4,122,48,170,217696,"station",10.6133331298828,23.2000007629395,"cru"
"297",2001,5,310,89,399,217696,"adjacent",1.55483873428837,24.5,"cru"
"298",2001,5,310,89,399,217696,"station",2.2258064516129,21.8999996185303,"cru"
"299",2001,6,237,66,303,217696,"adjacent",0.480000019073487,22.8999996185303,"cru"
"300",2001,6,237,66,303,217696,"station",0.720000012715657,20.6000003814697,"cru"
"301",2001,7,89,34,123,217696,"adjacent",0.277419367144185,23.1000003814697,"cru"
"302",2001,7,89,34,123,217696,"station",0.58387098004741,20.8000011444092,"cru"
"303",2001,8,55,29,84,217696,"adjacent",0.119354840247862,23.2000007629395,"cru"
"304",2001,8,55,29,84,217696,"station",0.251612909378544,21.2000007629395,"cru"
"305",2001,9,62,21,83,217696,"adjacent",0.196666669845581,23,"cru"
"306",2001,9,62,21,83,217696,"station",0.46333335240682,21.1000003814697,"cru"
"307",2001,10,51,23,74,217696,"adjacent",0.125806454689272,23.7000007629395,"cru"
"308",2001,10,51,23,74,217696,"station",0.512903244264664,21.6000003814697,"cru"
"309",2001,11,18,18,36,217696,"adjacent",0.193333339691162,24.3999996185303,"cru"
"310",2001,11,18,18,36,217696,"station",1.13333333333333,21.8999996185303,"cru"
"311",2001,12,30,27,57,217696,"adjacent",1.09677419354839,25.2000007629395,"cru"
"312",2001,12,30,27,57,217696,"station",3.15483880812122,22.3999996185303,"cru"
"313",2002,1,92,56,148,220837.7778,"adjacent",1.44193550848192,26.1000003814697,"cru"
"314",2002,1,92,56,148,220837.7778,"station",2.13870977586315,22.8000011444092,"cru"
"315",2002,2,29,25,54,220837.7778,"adjacent",3.75172424316407,27.3999996185303,"cru"
"316",2002,2,29,25,54,220837.7778,"station",5.20689655172414,23.5,"cru"
"317",2002,3,49,17,66,220837.7778,"adjacent",9.64516129032258,27.6000003814697,"cru"
"318",2002,3,49,17,66,220837.7778,"station",11.9161288353705,23.8000011444092,"cru"
"319",2002,4,81,37,118,220837.7778,"adjacent",4.46000010172527,27.3999996185303,"cru"
"320",2002,4,81,37,118,220837.7778,"station",6.90333353678387,24,"cru"
"321",2002,5,149,62,211,220837.7778,"adjacent",1.14838717060705,26.2000007629395,"cru"
"322",2002,5,149,62,211,220837.7778,"station",1.73225808912708,23.5,"cru"
"323",2002,6,86,52,138,220837.7778,"adjacent",0.316666666666667,24,"cru"
"324",2002,6,86,52,138,220837.7778,"station",0.46000000635783,21.6000003814697,"cru"
"325",2002,7,66,44,110,220837.7778,"adjacent",0.245161287246212,23.3000011444092,"cru"
"326",2002,7,66,44,110,220837.7778,"station",0.506451606750487,21,"cru"
"327",2002,8,37,40,77,220837.7778,"adjacent",0.032258064516129,23.7000007629395,"cru"
"328",2002,8,37,40,77,220837.7778,"station",0.0483870967741935,21.7000007629395,"cru"
"329",2002,9,31,33,64,220837.7778,"adjacent",0.113333336512248,24.2000007629395,"cru"
"330",2002,9,31,33,64,220837.7778,"station",0.25666667620341,22.3000011444092,"cru"
"331",2002,10,11,26,37,220837.7778,"adjacent",0.180645158213954,24.7000007629395,"cru"
"332",2002,10,11,26,37,220837.7778,"station",0.861290347191597,22.6000003814697,"cru"
"333",2002,11,11,18,29,220837.7778,"adjacent",0.59666665395101,25.3000011444092,"cru"
"334",2002,11,11,18,29,220837.7778,"station",3.25666681925456,22.8000011444092,"cru"
"335",2002,12,13,28,41,220837.7778,"adjacent",0.483870967741935,26.2000007629395,"cru"
"336",2002,12,13,28,41,220837.7778,"station",1.60967746857674,23.3999996185303,"cru"
"337",2003,1,45,46,91,223979.5556,"adjacent",2.46451617825416,27.2000007629395,"cru"
"338",2003,1,45,46,91,223979.5556,"station",3.61290322580645,23.8999996185303,"cru"
"339",2003,2,24,40,64,223979.5556,"adjacent",4.16551734661234,27.5,"cru"
"340",2003,2,24,40,64,223979.5556,"station",5.60689676219021,23.6000003814697,"cru"
"341",2003,3,39,33,72,223979.5556,"adjacent",5.70322590489542,26.8999996185303,"cru"
"342",2003,3,39,33,72,223979.5556,"station",7.38387126307332,23.1000003814697,"cru"
"343",2003,4,23,18,41,223979.5556,"adjacent",3.6033332824707,26.3999996185303,"cru"
"344",2003,4,23,18,41,223979.5556,"station",5.25,23.1000003814697,"cru"
"345",2003,5,10,10,20,223979.5556,"adjacent",1.27741942867156,25.2000007629395,"cru"
"346",2003,5,10,10,20,223979.5556,"station",1.93225811373803,22.5,"cru"
"347",2003,6,18,22,40,223979.5556,"adjacent",0.683333333333333,24.3000011444092,"cru"
"348",2003,6,18,22,40,223979.5556,"station",0.986666679382323,21.8999996185303,"cru"
"349",2003,7,14,13,27,223979.5556,"adjacent",1.01935485101515,23.7000007629395,"cru"
"350",2003,7,14,13,27,223979.5556,"station",2.25806451612903,21.3999996185303,"cru"
"351",2003,8,8,8,16,223979.5556,"adjacent",0.125806454689272,23.2000007629395,"cru"
"352",2003,8,8,8,16,223979.5556,"station",0.251612909378544,21.1000003814697,"cru"
"353",2003,9,7,16,23,223979.5556,"adjacent",0.136666663487752,23.5,"cru"
"354",2003,9,7,16,23,223979.5556,"station",0.31333335240682,21.6000003814697,"cru"
"355",2003,10,5,18,23,223979.5556,"adjacent",0.4096774132021,24.7000007629395,"cru"
"356",2003,10,5,18,23,223979.5556,"station",2.02903230728642,22.6000003814697,"cru"
"357",2003,11,7,15,22,223979.5556,"adjacent",0.243333339691162,25.1000003814697,"cru"
"358",2003,11,7,15,22,223979.5556,"station",1.45999997456868,22.5,"cru"
"359",2003,12,11,12,23,223979.5556,"adjacent",0.829032282675468,25.8000011444092,"cru"
"360",2003,12,11,12,23,223979.5556,"station",2.58709692185925,23,"cru"
"361",2004,1,9,5,14,213706.7942,"adjacent",1.65161292783676,26.8999996185303,"cru"
"362",2004,1,9,5,14,213706.7942,"station",2.30322585567351,23.6000003814697,"cru"
"363",2004,2,7,6,13,213706.7942,"adjacent",2.41724132669383,27.5,"cru"
"364",2004,2,7,6,13,213706.7942,"station",3.41379310344828,23.7000007629395,"cru"
"365",2004,3,15,13,28,213706.7942,"adjacent",4.0741936468309,27.8999996185303,"cru"
"366",2004,3,15,13,28,213706.7942,"station",5.58709667574974,24.1000003814697,"cru"
"367",2004,4,7,3,10,213706.7942,"adjacent",3.61333338419597,26.8999996185303,"cru"
"368",2004,4,7,3,10,213706.7942,"station",5.63999989827473,23.6000003814697,"cru"
"369",2004,5,11,3,14,213706.7942,"adjacent",1.52580642700195,25,"cru"
"370",2004,5,11,3,14,213706.7942,"station",2.19354838709677,22.3999996185303,"cru"
"371",2004,6,15,8,23,213706.7942,"adjacent",0.540000025431317,23.6000003814697,"cru"
"372",2004,6,15,8,23,213706.7942,"station",0.816666666666667,21.2000007629395,"cru"
"373",2004,7,5,3,8,213706.7942,"adjacent",0.267741941636608,23.3000011444092,"cru"
"374",2004,7,5,3,8,213706.7942,"station",0.564516129032258,21,"cru"
"375",2004,8,2,8,10,213706.7942,"adjacent",0.0548387112156039,23.2000007629395,"cru"
"376",2004,8,2,8,10,213706.7942,"station",0.103225807989797,21.2000007629395,"cru"
"377",2004,9,2,2,4,213706.7942,"adjacent",0.35,23.8000011444092,"cru"
"378",2004,9,2,2,4,213706.7942,"station",0.866666666666667,21.8999996185303,"cru"
"379",2004,10,1,2,3,213706.7942,"adjacent",0.31935485716789,25,"cru"
"380",2004,10,1,2,3,213706.7942,"station",1.48387096774194,22.8999996185303,"cru"
"381",2004,11,3,3,6,213706.7942,"adjacent",0.260000006357829,25.1000003814697,"cru"
"382",2004,11,3,3,6,213706.7942,"station",1.35666669209798,22.6000003814697,"cru"
"383",2004,12,1,3,4,213706.7942,"adjacent",0.461290328733384,26.2000007629395,"cru"
"384",2004,12,1,3,4,213706.7942,"station",1.40967744396579,23.3000011444092,"cru"
"385",2005,1,2,2,4,230263.1111,"adjacent",1.34516131493353,27.1000003814697,"cru"
"386",2005,1,2,2,4,230263.1111,"station",1.9000000492219,23.8000011444092,"cru"
"387",2005,2,3,1,4,230263.1111,"adjacent",2.42068981302196,27.1000003814697,"cru"
"388",2005,2,3,1,4,230263.1111,"station",3.43448270600418,23.3000011444092,"cru"
"389",2005,3,1,2,3,230263.1111,"adjacent",4.4709679388231,27.1000003814697,"cru"
"390",2005,3,1,2,3,230263.1111,"station",5.78387106618574,23.3000011444092,"cru"
"391",2005,4,2,3,5,230263.1111,"adjacent",2.86333338419596,26.8999996185303,"cru"
"392",2005,4,2,3,5,230263.1111,"station",4.67666676839193,23.6000003814697,"cru"
"393",2005,5,0,7,7,230263.1111,"adjacent",0.345161284169842,25.6000003814697,"cru"
"394",2005,5,0,7,7,230263.1111,"station",0.454838721982894,22.8999996185303,"cru"
"395",2005,6,0,4,4,230263.1111,"adjacent",0.686666679382323,24.3999996185303,"cru"
"396",2005,6,0,4,4,230263.1111,"station",0.97666670481364,22,"cru"
"397",2005,7,0,2,2,230263.1111,"adjacent",0.154838715830157,23.5,"cru"
"398",2005,7,0,2,2,230263.1111,"station",0.312903219653714,21.2000007629395,"cru"
"399",2005,8,0,2,2,230263.1111,"adjacent",0.0451612895534884,23.8000011444092,"cru"
"400",2005,8,0,2,2,230263.1111,"station",0.0806451612903226,21.8000011444092,"cru"
"401",2005,9,0,2,2,230263.1111,"adjacent",0.116666666666667,23.6000003814697,"cru"
"402",2005,9,0,2,2,230263.1111,"station",0.260000006357829,21.7000007629395,"cru"
"403",2005,10,0,2,2,230263.1111,"adjacent",0.200000009229106,23.7000007629395,"cru"
"404",2005,10,0,2,2,230263.1111,"station",0.877419379449661,21.6000003814697,"cru"
"405",2005,11,0,1,1,230263.1111,"adjacent",0.160000006357829,23.7000007629395,"cru"
"406",2005,11,0,1,1,230263.1111,"station",0.836666679382323,21.2000007629395,"cru"
"407",2005,12,0,4,4,230263.1111,"adjacent",0.387096774193548,25.3999996185303,"cru"
"408",2005,12,0,4,4,230263.1111,"station",1.2741935483871,22.6000003814697,"cru"
"409",2006,1,1,1,2,233404.8889,"adjacent",2.07741940406061,26.6000003814697,"cru"
"410",2006,1,1,1,2,233404.8889,"station",3.16451607981036,23.2000007629395,"cru"
"411",2006,2,0,4,4,233404.8889,"adjacent",5.4931035535089,27.3999996185303,"cru"
"412",2006,2,0,4,4,233404.8889,"station",7.3448275862069,23.6000003814697,"cru"
"413",2006,3,0,4,4,233404.8889,"adjacent",5.28064506284652,27.1000003814697,"cru"
"414",2006,3,0,4,4,233404.8889,"station",7.16129032258065,23.3000011444092,"cru"
"415",2006,4,0,0,0,233404.8889,"adjacent",1.37666664123535,26.2000007629395,"cru"
"416",2006,4,0,0,0,233404.8889,"station",2.13666661580404,22.8999996185303,"cru"
"417",2006,5,0,3,3,233404.8889,"adjacent",0.425806445460164,25.1000003814697,"cru"
"418",2006,5,0,3,3,233404.8889,"station",0.5870967988045,22.3999996185303,"cru"
"419",2006,6,0,2,2,233404.8889,"adjacent",0.80333334604899,24.5,"cru"
"420",2006,6,0,2,2,233404.8889,"station",1.16333338419596,22.1000003814697,"cru"
"421",2006,7,0,0,0,233404.8889,"adjacent",0.258064516129032,24.3000011444092,"cru"
"422",2006,7,0,0,0,233404.8889,"station",0.538709702030306,22,"cru"
"423",2006,8,2,0,2,233404.8889,"adjacent",0.112903225806452,24.1000003814697,"cru"
"424",2006,8,2,0,2,233404.8889,"station",0.241935483870968,22.1000003814697,"cru"
"425",2006,9,0,2,2,233404.8889,"adjacent",0.253333330154419,23.6000003814697,"cru"
"426",2006,9,0,2,2,233404.8889,"station",0.613333320617677,21.7000007629395,"cru"
"427",2006,10,0,0,0,233404.8889,"adjacent",0.119354840247862,24.1000003814697,"cru"
"428",2006,10,0,0,0,233404.8889,"station",0.512903244264664,22,"cru"
"429",2006,11,0,1,1,233404.8889,"adjacent",0.286666679382324,25.2000007629395,"cru"
"430",2006,11,0,1,1,233404.8889,"station",1.62000007629395,22.6000003814697,"cru"
"431",2006,12,0,5,5,233404.8889,"adjacent",0.400000018458213,25.8000011444092,"cru"
"432",2006,12,0,5,5,233404.8889,"station",1.30322585567351,22.8999996185303,"cru"
"433",2007,1,0,0,0,236546.6667,"adjacent",2.15806456535093,27.3999996185303,"cru"
"434",2007,1,0,0,0,236546.6667,"station",2.9741936960528,24,"cru"
"435",2007,2,0,2,2,236546.6667,"adjacent",2.46896546462487,26.8999996185303,"cru"
"436",2007,2,0,2,2,236546.6667,"station",3.28965522503031,23.1000003814697,"cru"
"437",2007,3,0,3,3,236546.6667,"adjacent",2.96451617825416,26.8000011444092,"cru"
"438",2007,3,0,3,3,236546.6667,"station",3.98387096774194,23,"cru"
"439",2007,4,5,2,7,236546.6667,"adjacent",3.12666676839193,26.3000011444092,"cru"
"440",2007,4,5,2,7,236546.6667,"station",4.7933334350586,23,"cru"
"441",2007,5,0,9,9,236546.6667,"adjacent",1.03225806451613,24.5,"cru"
"442",2007,5,0,9,9,236546.6667,"station",1.54193545926002,21.8000011444092,"cru"
"443",2007,6,0,2,2,236546.6667,"adjacent",0.813333320617677,23.1000003814697,"cru"
"444",2007,6,0,2,2,236546.6667,"station",1.26333338419596,20.7000007629395,"cru"
"445",2007,7,0,3,3,236546.6667,"adjacent",0.570967766546435,22.8999996185303,"cru"
"446",2007,7,0,3,3,236546.6667,"station",1.24838712138515,20.7000007629395,"cru"
"447",2007,8,0,3,3,236546.6667,"adjacent",0.325806463918377,22.6000003814697,"cru"
"448",2007,8,0,3,3,236546.6667,"station",0.72903227036999,20.6000003814697,"cru"
"449",2007,9,0,0,0,236546.6667,"adjacent",0.240000009536743,22.8999996185303,"cru"
"450",2007,9,0,0,0,236546.6667,"station",0.57333335876465,21,"cru"
"451",2007,10,0,3,3,236546.6667,"adjacent",0.0935483901731429,23.1000003814697,"cru"
"452",2007,10,0,3,3,236546.6667,"station",0.416129050716277,21,"cru"
"453",2007,11,0,2,2,236546.6667,"adjacent",0.270000012715658,23.8999996185303,"cru"
"454",2007,11,0,2,2,236546.6667,"station",1.59000002543132,21.5,"cru"
"455",2007,12,0,2,2,236546.6667,"adjacent",0.293548399402249,24.5,"cru"
"456",2007,12,0,2,2,236546.6667,"station",0.941935508481919,21.8000011444092,"cru"
"457",2008,1,0,1,1,239688.4444,"adjacent",2.325806402391,26.3000011444092,"cru"
"458",2008,1,0,1,1,239688.4444,"station",3.48709672497165,23,"cru"
"459",2008,2,0,6,6,239688.4444,"adjacent",11.0344827586207,27,"cru"
"460",2008,2,0,6,6,239688.4444,"station",14.4551728347252,23.2000007629395,"cru"
"461",2008,3,1,9,10,239688.4444,"adjacent",9.06774213237149,27.3999996185303,"cru"
"462",2008,3,1,9,10,239688.4444,"station",11.7741935483871,23.5,"cru"
"463",2008,4,0,12,12,239688.4444,"adjacent",7.42000020345053,26.2000007629395,"cru"
"464",2008,4,0,12,12,239688.4444,"station",10.6299997965495,22.8999996185303,"cru"
"465",2008,5,4,6,10,239688.4444,"adjacent",1.05806449151808,24.6000003814697,"cru"
"466",2008,5,4,6,10,239688.4444,"station",1.58387104157479,22,"cru"
"467",2008,6,0,5,5,239688.4444,"adjacent",0.35,24.2000007629395,"cru"
"468",2008,6,0,5,5,239688.4444,"station",0.51333335240682,21.7000007629395,"cru"
"469",2008,7,0,4,4,239688.4444,"adjacent",1.19032262986706,24.1000003814697,"cru"
"470",2008,7,0,4,4,239688.4444,"station",2.26451627669796,21.8000011444092,"cru"
"471",2008,8,0,3,3,239688.4444,"adjacent",0.709677419354839,24.2000007629395,"cru"
"472",2008,8,0,3,3,239688.4444,"station",1.65806456535093,22.1000003814697,"cru"
"473",2008,9,0,1,1,239688.4444,"adjacent",0.240000009536743,24.1000003814697,"cru"
"474",2008,9,0,1,1,239688.4444,"station",0.579999987284343,22.1000003814697,"cru"
"475",2008,10,0,2,2,239688.4444,"adjacent",0.267741941636608,24.1000003814697,"cru"
"476",2008,10,0,2,2,239688.4444,"station",1.29032258064516,21.8999996185303,"cru"
"477",2008,11,0,0,0,239688.4444,"adjacent",0.166666666666667,24.3000011444092,"cru"
"478",2008,11,0,0,0,239688.4444,"station",0.970000012715657,21.8000011444092,"cru"
"479",2008,12,0,0,0,239688.4444,"adjacent",0.358064528434506,25.2000007629395,"cru"
"480",2008,12,0,0,0,239688.4444,"station",1.15806456535093,22.3999996185303,"cru"
"481",2009,1,0,1,1,242830.2222,"adjacent",4.74838699833039,26.1000003814697,"cru"
"482",2009,1,0,1,1,242830.2222,"station",6.91935483870968,22.8000011444092,"cru"
"483",2009,2,0,1,1,242830.2222,"adjacent",3.95862079488821,26.8999996185303,"cru"
"484",2009,2,0,1,1,242830.2222,"station",5.27241410880252,23,"cru"
"485",2009,3,0,3,3,242830.2222,"adjacent",3.99354848554058,26.3999996185303,"cru"
"486",2009,3,0,3,3,242830.2222,"station",5.29677409510458,22.7000007629395,"cru"
"487",2009,4,0,9,9,242830.2222,"adjacent",1.9,27.3000011444092,"cru"
"488",2009,4,0,9,9,242830.2222,"station",2.88666661580404,24,"cru"
"489",2009,5,0,5,5,242830.2222,"adjacent",6.40000029533139,25.8000011444092,"cru"
"490",2009,5,0,5,5,242830.2222,"station",8.22903245495213,23.1000003814697,"cru"
"491",2009,6,1,5,6,242830.2222,"adjacent",0.610000038146973,24.8999996185303,"cru"
"492",2009,6,1,5,6,242830.2222,"station",0.913333320617677,22.5,"cru"
"493",2009,7,0,0,0,242830.2222,"adjacent",0.187096780346286,24.5,"cru"
"494",2009,7,0,0,0,242830.2222,"station",0.393548380944035,22.2000007629395,"cru"
"495",2009,8,0,1,1,242830.2222,"adjacent",0.212903222730083,24.3999996185303,"cru"
"496",2009,8,0,1,1,242830.2222,"station",0.451612903225806,22.3999996185303,"cru"
"497",2009,9,0,1,1,242830.2222,"adjacent",0.190000009536743,24.3000011444092,"cru"
"498",2009,9,0,1,1,242830.2222,"station",0.46333335240682,22.5,"cru"
"499",2009,10,0,0,0,242830.2222,"adjacent",0.151612912454913,24.5,"cru"
"500",2009,10,0,0,0,242830.2222,"station",0.709677419354839,22.3999996185303,"cru"
"501",2009,11,0,0,0,242830.2222,"adjacent",0.283333333333333,25.2000007629395,"cru"
"502",2009,11,0,0,0,242830.2222,"station",1.4,22.7000007629395,"cru"
"503",2009,12,0,0,0,242830.2222,"adjacent",1.26451615364321,26.2000007629395,"cru"
"504",2009,12,0,0,0,242830.2222,"station",3.75806451612903,23.3999996185303,"cru"
"505",2010,1,0,1,1,245972,"adjacent",1.90322580645161,27.3999996185303,"cru"
"506",2010,1,0,1,1,245972,"station",2.65806456535093,24.1000003814697,"cru"
"507",2010,2,0,0,0,245972,"adjacent",6.5,27.7000007629395,"cru"
"508",2010,2,0,0,0,245972,"station",8.79310344827586,23.8999996185303,"cru"
"509",2010,3,0,1,1,245972,"adjacent",4.18709687263736,27.6000003814697,"cru"
"510",2010,3,0,1,1,245972,"station",5.29677409510458,23.8999996185303,"cru"
"511",2010,4,0,2,2,245972,"adjacent",8.6433339436849,27.2000007629395,"cru"
"512",2010,4,0,2,2,245972,"station",12.4433339436849,23.8999996185303,"cru"
"513",2010,5,0,1,1,245972,"adjacent",2.56129037180255,25.8999996185303,"cru"
"514",2010,5,0,1,1,245972,"station",3.50645176056894,23.2000007629395,"cru"
"515",2010,6,1,0,1,245972,"adjacent",0.870000012715657,24.3999996185303,"cru"
"516",2010,6,1,0,1,245972,"station",1.32000007629395,22,"cru"
"517",2010,7,0,0,0,245972,"adjacent",0.796774218159339,23.3999996185303,"cru"
"518",2010,7,0,0,0,245972,"station",1.70322578184066,21.1000003814697,"cru"
"519",2010,8,0,1,1,245972,"adjacent",0.135483880196848,23.3000011444092,"cru"
"520",2010,8,0,1,1,245972,"station",0.303225824909825,21.3999996185303,"cru"
"521",2010,9,0,2,2,245972,"adjacent",0.306666660308838,23.5,"cru"
"522",2010,9,0,2,2,245972,"station",0.766666666666667,21.7000007629395,"cru"
"523",2010,10,0,0,0,245972,"adjacent",0.364516135184997,23.8000011444092,"cru"
"524",2010,10,0,0,0,245972,"station",1.49677424277029,21.7000007629395,"cru"
"525",2010,11,0,0,0,245972,"adjacent",0.193333339691162,24,"cru"
"526",2010,11,0,0,0,245972,"station",1.09000002543132,21.5,"cru"
"527",2010,12,0,0,0,245972,"adjacent",0.641935471565493,24.6000003814697,"cru"
"528",2010,12,0,0,0,245972,"station",2.10645171134703,21.8000011444092,"cru"
"529",2011,1,0,0,0,259620,"adjacent",2.11290322580645,25.8999996185303,"cru"
"530",2011,1,0,0,0,259620,"station",3.07741940406061,22.6000003814697,"cru"
"531",2011,2,0,0,0,259620,"adjacent",4.08620689655172,26.5,"cru"
"532",2011,2,0,0,0,259620,"station",5.91034514328528,22.7000007629395,"cru"
"533",2011,3,0,0,0,259620,"adjacent",2.3741934991652,26.3000011444092,"cru"
"534",2011,3,0,0,0,259620,"station",3.17741935483871,22.5,"cru"
"535",2011,4,0,0,0,259620,"adjacent",3.51000010172527,26.5,"cru"
"536",2011,4,0,0,0,259620,"station",5.7933334350586,23.2000007629395,"cru"
"537",2011,5,0,0,0,259620,"adjacent",3.43870962819745,25.8000011444092,"cru"
"538",2011,5,0,0,0,259620,"station",4.51612903225806,23.1000003814697,"cru"
"539",2011,6,0,1,1,259620,"adjacent",1.18666674296061,25.2000007629395,"cru"
"540",2011,6,0,1,1,259620,"station",1.70666669209798,22.7000007629395,"cru"
"541",2011,7,0,0,0,259620,"adjacent",0.803225794146139,23.7000007629395,"cru"
"542",2011,7,0,0,0,259620,"station",1.64838717060705,21.3999996185303,"cru"
"543",2011,8,0,0,0,259620,"adjacent",0.106451611365041,23.7000007629395,"cru"
"544",2011,8,0,0,0,259620,"station",0.229032254988147,21.8000011444092,"cru"
"545",2011,9,0,0,0,259620,"adjacent",0.38999999364217,23.5,"cru"
"546",2011,9,0,0,0,259620,"station",1.01000003814697,21.6000003814697,"cru"
"547",2011,10,0,0,0,259620,"adjacent",0.290322580645161,23.5,"cru"
"548",2011,10,0,0,0,259620,"station",1.27741942867156,21.3999996185303,"cru"
"549",2011,11,0,0,0,259620,"adjacent",0.483333333333333,24.5,"cru"
"550",2011,11,0,0,0,259620,"station",2.59333343505859,21.8999996185303,"cru"
"551",2011,12,0,0,0,259620,"adjacent",1.68064523512317,25.2000007629395,"cru"
"552",2011,12,0,0,0,259620,"station",5.08064516129032,22.3000011444092,"cru"
"553",2012,1,0,0,0,259620,"adjacent",5.29354858398439,25.8999996185303,"cru"
"554",2012,1,0,0,0,259620,"station",7.81935513404107,22.6000003814697,"cru"
"555",2012,2,0,0,0,259620,"adjacent",7.17241379310345,25.8999996185303,"cru"
"556",2012,2,0,0,0,259620,"station",9.8000004209321,22.1000003814697,"cru"
"557",2012,3,0,0,0,259620,"adjacent",6.43870987430697,26.8000011444092,"cru"
"558",2012,3,0,0,0,259620,"station",8.07096764349168,23,"cru"
"559",2012,4,0,0,0,259620,"adjacent",4.34666697184243,27,"cru"
"560",2012,4,0,0,0,259620,"station",6.4633336385091,23.6000003814697,"cru"
"561",2012,5,0,0,0,259620,"adjacent",1.46451617825416,26.1000003814697,"cru"
"562",2012,5,0,0,0,259620,"station",2.15806456535093,23.3000011444092,"cru"
"563",2012,6,0,0,0,259620,"adjacent",0.67333335876465,25.3999996185303,"cru"
"564",2012,6,0,0,0,259620,"station",1.01000003814697,23,"cru"
"565",2012,7,0,1,1,259620,"adjacent",0.0903225791069768,24.3999996185303,"cru"
"566",2012,7,0,1,1,259620,"station",0.170967748088221,22.1000003814697,"cru"
"567",2012,8,0,1,1,259620,"adjacent",0.103225807989797,23.8999996185303,"cru"
"568",2012,8,0,1,1,259620,"station",0.219354844862415,21.8999996185303,"cru"
"569",2012,9,0,0,0,259620,"adjacent",0.146666669845581,24.1000003814697,"cru"
"570",2012,9,0,0,0,259620,"station",0.35333334604899,22.2000007629395,"cru"
"571",2012,10,0,0,0,259620,"adjacent",0.280645155137585,24.2000007629395,"cru"
"572",2012,10,0,0,0,259620,"station",1.29999997538905,22.1000003814697,"cru"
"573",2012,11,0,0,0,259620,"adjacent",0.346666685740153,24.8999996185303,"cru"
"574",2012,11,0,0,0,259620,"station",1.95333340962728,22.3999996185303,"cru"
"575",2012,12,0,0,0,259620,"adjacent",0.451612903225806,25.2000007629395,"cru"
"576",2012,12,0,0,0,259620,"station",1.44193550848192,22.3999996185303,"cru"
"577",2013,1,0,0,0,259620,"adjacent",2.66774208314957,26.3000011444092,"cru"
"578",2013,1,0,0,0,259620,"station",3.90967756702055,23.1000003814697,"cru"
"579",2013,2,0,0,0,259620,"adjacent",4.47586217419855,26.8000011444092,"cru"
"580",2013,2,0,0,0,259620,"station",6.31724127407731,23,"cru"
"581",2013,3,0,0,0,259620,"adjacent",6.92903235650832,26.6000003814697,"cru"
"582",2013,3,0,0,0,259620,"station",8.51612903225806,22.8000011444092,"cru"
"583",2013,4,0,0,0,259620,"adjacent",2.7533332824707,25.6000003814697,"cru"
"584",2013,4,0,0,0,259620,"station",3.92666676839193,22.3999996185303,"cru"
"585",2013,5,0,0,0,259620,"adjacent",2.19677414432649,25.1000003814697,"cru"
"586",2013,5,0,0,0,259620,"station",3.25483875889932,22.3999996185303,"cru"
"587",2013,6,0,0,0,259620,"adjacent",0.420000012715657,23.7000007629395,"cru"
"588",2013,6,0,0,0,259620,"station",0.64666665395101,21.3999996185303,"cru"
"589",2013,7,0,0,0,259620,"adjacent",0.341935496176442,22.8999996185303,"cru"
"590",2013,7,0,0,0,259620,"station",0.725806451612903,20.6000003814697,"cru"
"591",2013,8,0,0,0,259620,"adjacent",0.170967748088221,23.1000003814697,"cru"
"592",2013,8,0,0,0,259620,"station",0.367741953942084,21.1000003814697,"cru"
"593",2013,9,0,0,0,259620,"adjacent",0.273333326975505,23.8000011444092,"cru"
"594",2013,9,0,0,0,259620,"station",0.683333333333333,21.8999996185303,"cru"
"595",2013,10,0,0,0,259620,"adjacent",0.487096786499023,23.8999996185303,"cru"
"596",2013,10,0,0,0,259620,"station",2.20645166212513,21.8000011444092,"cru"
"597",2013,11,0,0,0,259620,"adjacent",0.0733333349227907,24.6000003814697,"cru"
"598",2013,11,0,0,0,259620,"station",0.41333335240682,22,"cru"
"599",2013,12,0,0,0,259620,"adjacent",0.541935520787394,25.6000003814697,"cru"
"600",2013,12,0,0,0,259620,"station",1.63225813834898,22.8000011444092,"cru"
"601",2014,1,0,0,0,259620,"adjacent",1.81935488793158,26.7000007629395,"cru"
"602",2014,1,0,0,0,259620,"station",2.70645166212513,23.3999996185303,"cru"
"603",2014,2,0,0,0,259620,"adjacent",4.13448281123721,26.8000011444092,"cru"
"604",2014,2,0,0,0,259620,"station",5.73448286385372,23,"cru"
"605",2014,3,0,0,0,259620,"adjacent",4.21290342269406,26.8000011444092,"cru"
"606",2014,3,0,0,0,259620,"station",5.76774203392768,23,"cru"
"607",2014,4,0,0,0,259620,"adjacent",2.43666661580404,26.3000011444092,"cru"
"608",2014,4,0,0,0,259620,"station",3.55666681925457,23,"cru"
"609",2014,5,0,0,0,259620,"adjacent",1.95806454073998,26.6000003814697,"cru"
"610",2014,5,0,0,0,259620,"station",2.85161295244771,23.8999996185303,"cru"
"611",2014,6,0,0,0,259620,"adjacent",0.87666670481364,25.7000007629395,"cru"
"612",2014,6,0,0,0,259620,"station",1.35666669209798,23.3000011444092,"cru"
"613",2014,7,0,0,0,259620,"adjacent",0.735483907884168,24.2000007629395,"cru"
"614",2014,7,0,0,0,259620,"station",1.37741937944966,21.8999996185303,"cru"
"615",2014,8,0,0,0,259620,"adjacent",0.26129033488612,23.8999996185303,"cru"
"616",2014,8,0,0,0,259620,"station",0.606451649819652,21.8999996185303,"cru"
"617",2014,9,0,0,0,259620,"adjacent",0.636666679382323,24.2000007629395,"cru"
"618",2014,9,0,0,0,259620,"station",1.43000005086263,22.3000011444092,"cru"
"619",2014,10,0,0,0,259620,"adjacent",0.41290323195919,24.5,"cru"
"620",2014,10,0,0,0,259620,"station",1.98387096774194,22.3999996185303,"cru"
"621",2014,11,0,0,0,259620,"adjacent",0.0800000031789143,24.8999996185303,"cru"
"622",2014,11,0,0,0,259620,"station",0.46000000635783,22.3999996185303,"cru"
"623",2014,12,0,0,0,259620,"adjacent",1.15483868506647,25.6000003814697,"cru"
"624",2014,12,0,0,0,259620,"station",3.34516143798829,22.8000011444092,"cru"
"625",2015,1,0,0,0,259620,"adjacent",2.30967737013294,26.3999996185303,"cru"
"626",2015,1,0,0,0,259620,"station",3.54516133954448,23.1000003814697,"cru"
"627",2015,2,0,0,0,259620,"adjacent",2.64482774405644,27.2000007629395,"cru"
"628",2015,2,0,0,0,259620,"station",3.55862084750472,23.3999996185303,"cru"
"629",2015,3,0,0,0,259620,"adjacent",8.10967771468623,27,"cru"
"630",2015,3,0,0,0,259620,"station",10.7064514160156,23.2000007629395,"cru"
"631",2015,4,0,0,0,259620,"adjacent",2.86666666666667,26.8999996185303,"cru"
"632",2015,4,0,0,0,259620,"station",4.36000010172527,23.5,"cru"
"633",2015,5,0,0,0,259620,"adjacent",7.19354838709677,26.8999996185303,"cru"
"634",2015,5,0,0,0,259620,"station",9.45161290322581,24.2000007629395,"cru"
"635",2015,6,0,0,0,259620,"adjacent",1.69333330790202,26,"cru"
"636",2015,6,0,0,0,259620,"station",2.62666676839193,23.5,"cru"
"637",2015,7,0,0,0,259620,"adjacent",0.848387133690619,25,"cru"
"638",2015,7,0,0,0,259620,"station",1.78387094313098,22.7000007629395,"cru"
"639",2015,8,0,0,0,259620,"adjacent",0.0516129039948987,24.6000003814697,"cru"
"640",2015,8,0,0,0,259620,"station",0.0935483901731429,22.5,"cru"
"641",2015,9,0,0,0,259620,"adjacent",0.146666669845581,25.6000003814697,"cru"
"642",2015,9,0,0,0,259620,"station",0.356666660308837,23.7000007629395,"cru"
"643",2015,10,0,0,0,259620,"adjacent",0.370967741935484,25.6000003814697,"cru"
"644",2015,10,0,0,0,259620,"station",1.75806451612903,23.5,"cru"
"645",2015,11,0,0,0,259620,"adjacent",0.236666663487752,26,"cru"
"646",2015,11,0,0,0,259620,"station",1.28000005086263,23.5,"cru"
"647",2015,12,0,0,0,259620,"adjacent",0.374193560692571,26.7000007629395,"cru"
"648",2015,12,0,0,0,259620,"station",1.15161292783676,23.8999996185303,"cru"
