"","Year","Month","cases","pop","expected","incidence","smr","serotype","serotype1","serotype2","serotype3","serotype4","cell","prcp","tmean","source"
"1",2001,1,NA,NA,NA,NA,NA,NA,NA,NA,NA,NA,"adjacent",6.83225816295994,26.6000003814697,"cru"
"2",2001,1,NA,NA,NA,NA,NA,NA,NA,NA,NA,NA,"station",9.46451593214464,23.3000011444092,"cru"
"3",2001,2,NA,NA,NA,NA,NA,NA,NA,NA,NA,NA,"adjacent",3.13103458799165,27.3999996185303,"cru"
"4",2001,2,NA,NA,NA,NA,NA,NA,NA,NA,NA,NA,"station",4.26551739922886,23.6000003814697,"cru"
"5",2001,3,NA,NA,NA,NA,NA,NA,NA,NA,NA,NA,"adjacent",3.0999999507781,26.8000011444092,"cru"
"6",2001,3,NA,NA,NA,NA,NA,NA,NA,NA,NA,NA,"station",3.848387195218,23,"cru"
"7",2001,4,NA,NA,NA,NA,NA,NA,NA,NA,NA,NA,"adjacent",7.4933334350586,26.5,"cru"
"8",2001,4,NA,NA,NA,NA,NA,NA,NA,NA,NA,NA,"station",10.6133331298828,23.2000007629395,"cru"
"9",2001,5,NA,NA,NA,NA,NA,NA,NA,NA,NA,NA,"adjacent",1.55483873428837,24.5,"cru"
"10",2001,5,NA,NA,NA,NA,NA,NA,NA,NA,NA,NA,"station",2.2258064516129,21.8999996185303,"cru"
"11",2001,6,NA,NA,NA,NA,NA,NA,NA,NA,NA,NA,"adjacent",0.480000019073487,22.8999996185303,"cru"
"12",2001,6,NA,NA,NA,NA,NA,NA,NA,NA,NA,NA,"station",0.720000012715657,20.6000003814697,"cru"
"13",2001,7,NA,NA,NA,NA,NA,NA,NA,NA,NA,NA,"adjacent",0.277419367144185,23.1000003814697,"cru"
"14",2001,7,NA,NA,NA,NA,NA,NA,NA,NA,NA,NA,"station",0.58387098004741,20.8000011444092,"cru"
"15",2001,8,NA,NA,NA,NA,NA,NA,NA,NA,NA,NA,"adjacent",0.119354840247862,23.2000007629395,"cru"
"16",2001,8,NA,NA,NA,NA,NA,NA,NA,NA,NA,NA,"station",0.251612909378544,21.2000007629395,"cru"
"17",2001,9,NA,NA,NA,NA,NA,NA,NA,NA,NA,NA,"adjacent",0.196666669845581,23,"cru"
"18",2001,9,NA,NA,NA,NA,NA,NA,NA,NA,NA,NA,"station",0.46333335240682,21.1000003814697,"cru"
"19",2001,10,NA,NA,NA,NA,NA,NA,NA,NA,NA,NA,"adjacent",0.125806454689272,23.7000007629395,"cru"
"20",2001,10,NA,NA,NA,NA,NA,NA,NA,NA,NA,NA,"station",0.512903244264664,21.6000003814697,"cru"
"21",2001,11,NA,NA,NA,NA,NA,NA,NA,NA,NA,NA,"adjacent",0.193333339691162,24.3999996185303,"cru"
"22",2001,11,NA,NA,NA,NA,NA,NA,NA,NA,NA,NA,"station",1.13333333333333,21.8999996185303,"cru"
"23",2001,12,NA,NA,NA,NA,NA,NA,NA,NA,NA,NA,"adjacent",1.09677419354839,25.2000007629395,"cru"
"24",2001,12,NA,NA,NA,NA,NA,NA,NA,NA,NA,NA,"station",3.15483880812122,22.3999996185303,"cru"
"25",2002,1,8,220838,NA,NA,NA,2,0,1,1,0,"adjacent",1.44193550848192,26.1000003814697,"cru"
"26",2002,1,8,220838,NA,NA,NA,2,0,1,1,0,"station",2.13870977586315,22.8000011444092,"cru"
"27",2002,2,18,220838,NA,NA,NA,2,1,0,1,0,"adjacent",3.75172424316407,27.3999996185303,"cru"
"28",2002,2,18,220838,NA,NA,NA,2,1,0,1,0,"station",5.20689655172414,23.5,"cru"
"29",2002,3,22,220838,NA,NA,NA,2,1,0,1,0,"adjacent",9.64516129032258,27.6000003814697,"cru"
"30",2002,3,22,220838,NA,NA,NA,2,1,0,1,0,"station",11.9161288353705,23.8000011444092,"cru"
"31",2002,4,28,220838,NA,NA,NA,0,0,0,0,0,"adjacent",4.46000010172527,27.3999996185303,"cru"
"32",2002,4,28,220838,NA,NA,NA,0,0,0,0,0,"station",6.90333353678387,24,"cru"
"33",2002,5,23,220838,NA,NA,NA,0,0,0,0,0,"adjacent",1.14838717060705,26.2000007629395,"cru"
"34",2002,5,23,220838,NA,NA,NA,0,0,0,0,0,"station",1.73225808912708,23.5,"cru"
"35",2002,6,6,220838,NA,NA,NA,2,1,0,1,0,"adjacent",0.316666666666667,24,"cru"
"36",2002,6,6,220838,NA,NA,NA,2,1,0,1,0,"station",0.46000000635783,21.6000003814697,"cru"
"37",2002,7,3,220838,NA,NA,NA,0,0,0,0,0,"adjacent",0.245161287246212,23.3000011444092,"cru"
"38",2002,7,3,220838,NA,NA,NA,0,0,0,0,0,"station",0.506451606750487,21,"cru"
"39",2002,8,8,220838,NA,NA,NA,0,0,0,0,0,"adjacent",0.032258064516129,23.7000007629395,"cru"
"40",2002,8,8,220838,NA,NA,NA,0,0,0,0,0,"station",0.0483870967741935,21.7000007629395,"cru"
"41",2002,9,3,220838,NA,NA,NA,0,0,0,0,0,"adjacent",0.113333336512248,24.2000007629395,"cru"
"42",2002,9,3,220838,NA,NA,NA,0,0,0,0,0,"station",0.25666667620341,22.3000011444092,"cru"
"43",2002,10,2,220838,NA,NA,NA,0,0,0,0,0,"adjacent",0.180645158213954,24.7000007629395,"cru"
"44",2002,10,2,220838,NA,NA,NA,0,0,0,0,0,"station",0.861290347191597,22.6000003814697,"cru"
"45",2002,11,13,220838,NA,NA,NA,0,0,0,0,0,"adjacent",0.59666665395101,25.3000011444092,"cru"
"46",2002,11,13,220838,NA,NA,NA,0,0,0,0,0,"station",3.25666681925456,22.8000011444092,"cru"
"47",2002,12,7,220838,NA,NA,NA,0,0,0,0,0,"adjacent",0.483870967741935,26.2000007629395,"cru"
"48",2002,12,7,220838,NA,NA,NA,0,0,0,0,0,"station",1.60967746857674,23.3999996185303,"cru"
"49",2003,1,16,223980,NA,NA,NA,0,0,0,0,0,"adjacent",2.46451617825416,27.2000007629395,"cru"
"50",2003,1,16,223980,NA,NA,NA,0,0,0,0,0,"station",3.61290322580645,23.8999996185303,"cru"
"51",2003,2,62,223980,NA,NA,NA,2,1,0,1,0,"adjacent",4.16551734661234,27.5,"cru"
"52",2003,2,62,223980,NA,NA,NA,2,1,0,1,0,"station",5.60689676219021,23.6000003814697,"cru"
"53",2003,3,164,223980,NA,NA,NA,2,1,0,1,0,"adjacent",5.70322590489542,26.8999996185303,"cru"
"54",2003,3,164,223980,NA,NA,NA,2,1,0,1,0,"station",7.38387126307332,23.1000003814697,"cru"
"55",2003,4,365,223980,NA,NA,NA,2,1,0,1,0,"adjacent",3.6033332824707,26.3999996185303,"cru"
"56",2003,4,365,223980,NA,NA,NA,2,1,0,1,0,"station",5.25,23.1000003814697,"cru"
"57",2003,5,290,223980,NA,NA,NA,2,1,0,1,0,"adjacent",1.27741942867156,25.2000007629395,"cru"
"58",2003,5,290,223980,NA,NA,NA,2,1,0,1,0,"station",1.93225811373803,22.5,"cru"
"59",2003,6,278,223980,NA,NA,NA,2,1,0,1,0,"adjacent",0.683333333333333,24.3000011444092,"cru"
"60",2003,6,278,223980,NA,NA,NA,2,1,0,1,0,"station",0.986666679382323,21.8999996185303,"cru"
"61",2003,7,65,223980,NA,NA,NA,2,1,0,1,0,"adjacent",1.01935485101515,23.7000007629395,"cru"
"62",2003,7,65,223980,NA,NA,NA,2,1,0,1,0,"station",2.25806451612903,21.3999996185303,"cru"
"63",2003,8,10,223980,NA,NA,NA,0,0,0,0,0,"adjacent",0.125806454689272,23.2000007629395,"cru"
"64",2003,8,10,223980,NA,NA,NA,0,0,0,0,0,"station",0.251612909378544,21.1000003814697,"cru"
"65",2003,9,2,223980,NA,NA,NA,2,1,0,1,0,"adjacent",0.136666663487752,23.5,"cru"
"66",2003,9,2,223980,NA,NA,NA,2,1,0,1,0,"station",0.31333335240682,21.6000003814697,"cru"
"67",2003,10,5,223980,NA,NA,NA,2,1,0,1,0,"adjacent",0.4096774132021,24.7000007629395,"cru"
"68",2003,10,5,223980,NA,NA,NA,2,1,0,1,0,"station",2.02903230728642,22.6000003814697,"cru"
"69",2003,11,4,223980,NA,NA,NA,2,1,0,1,0,"adjacent",0.243333339691162,25.1000003814697,"cru"
"70",2003,11,4,223980,NA,NA,NA,2,1,0,1,0,"station",1.45999997456868,22.5,"cru"
"71",2003,12,6,223980,NA,NA,NA,2,1,0,1,0,"adjacent",0.829032282675468,25.8000011444092,"cru"
"72",2003,12,6,223980,NA,NA,NA,2,1,0,1,0,"station",2.58709692185925,23,"cru"
"73",2004,1,11,227121,NA,NA,NA,0,0,0,0,0,"adjacent",1.65161292783676,26.8999996185303,"cru"
"74",2004,1,11,227121,NA,NA,NA,0,0,0,0,0,"station",2.30322585567351,23.6000003814697,"cru"
"75",2004,2,11,227121,NA,NA,NA,2,1,0,1,0,"adjacent",2.41724132669383,27.5,"cru"
"76",2004,2,11,227121,NA,NA,NA,2,1,0,1,0,"station",3.41379310344828,23.7000007629395,"cru"
"77",2004,3,16,227121,NA,NA,NA,2,1,0,1,0,"adjacent",4.0741936468309,27.8999996185303,"cru"
"78",2004,3,16,227121,NA,NA,NA,2,1,0,1,0,"station",5.58709667574974,24.1000003814697,"cru"
"79",2004,4,24,227121,NA,NA,NA,0,0,0,0,0,"adjacent",3.61333338419597,26.8999996185303,"cru"
"80",2004,4,24,227121,NA,NA,NA,0,0,0,0,0,"station",5.63999989827473,23.6000003814697,"cru"
"81",2004,5,39,227121,NA,NA,NA,2,1,0,1,0,"adjacent",1.52580642700195,25,"cru"
"82",2004,5,39,227121,NA,NA,NA,2,1,0,1,0,"station",2.19354838709677,22.3999996185303,"cru"
"83",2004,6,35,227121,NA,NA,NA,2,1,0,1,0,"adjacent",0.540000025431317,23.6000003814697,"cru"
"84",2004,6,35,227121,NA,NA,NA,2,1,0,1,0,"station",0.816666666666667,21.2000007629395,"cru"
"85",2004,7,15,227121,NA,NA,NA,0,0,0,0,0,"adjacent",0.267741941636608,23.3000011444092,"cru"
"86",2004,7,15,227121,NA,NA,NA,0,0,0,0,0,"station",0.564516129032258,21,"cru"
"87",2004,8,10,227121,NA,NA,NA,0,0,0,0,0,"adjacent",0.0548387112156039,23.2000007629395,"cru"
"88",2004,8,10,227121,NA,NA,NA,0,0,0,0,0,"station",0.103225807989797,21.2000007629395,"cru"
"89",2004,9,9,227121,NA,NA,NA,2,1,0,1,0,"adjacent",0.35,23.8000011444092,"cru"
"90",2004,9,9,227121,NA,NA,NA,2,1,0,1,0,"station",0.866666666666667,21.8999996185303,"cru"
"91",2004,10,4,227121,NA,NA,NA,0,0,0,0,0,"adjacent",0.31935485716789,25,"cru"
"92",2004,10,4,227121,NA,NA,NA,0,0,0,0,0,"station",1.48387096774194,22.8999996185303,"cru"
"93",2004,11,3,227121,NA,NA,NA,0,0,0,0,0,"adjacent",0.260000006357829,25.1000003814697,"cru"
"94",2004,11,3,227121,NA,NA,NA,0,0,0,0,0,"station",1.35666669209798,22.6000003814697,"cru"
"95",2004,12,3,227121,NA,NA,NA,2,1,0,1,0,"adjacent",0.461290328733384,26.2000007629395,"cru"
"96",2004,12,3,227121,NA,NA,NA,2,1,0,1,0,"station",1.40967744396579,23.3000011444092,"cru"
"97",2005,1,18,230263,NA,NA,NA,2,1,0,1,0,"adjacent",1.34516131493353,27.1000003814697,"cru"
"98",2005,1,18,230263,NA,NA,NA,2,1,0,1,0,"station",1.9000000492219,23.8000011444092,"cru"
"99",2005,2,10,230263,NA,NA,NA,0,0,0,0,0,"adjacent",2.42068981302196,27.1000003814697,"cru"
"100",2005,2,10,230263,NA,NA,NA,0,0,0,0,0,"station",3.43448270600418,23.3000011444092,"cru"
"101",2005,3,31,230263,NA,NA,NA,2,1,0,1,0,"adjacent",4.4709679388231,27.1000003814697,"cru"
"102",2005,3,31,230263,NA,NA,NA,2,1,0,1,0,"station",5.78387106618574,23.3000011444092,"cru"
"103",2005,4,87,230263,NA,NA,NA,2,1,0,1,0,"adjacent",2.86333338419596,26.8999996185303,"cru"
"104",2005,4,87,230263,NA,NA,NA,2,1,0,1,0,"station",4.67666676839193,23.6000003814697,"cru"
"105",2005,5,67,230263,NA,NA,NA,2,1,0,1,0,"adjacent",0.345161284169842,25.6000003814697,"cru"
"106",2005,5,67,230263,NA,NA,NA,2,1,0,1,0,"station",0.454838721982894,22.8999996185303,"cru"
"107",2005,6,67,230263,NA,NA,NA,2,1,0,1,0,"adjacent",0.686666679382323,24.3999996185303,"cru"
"108",2005,6,67,230263,NA,NA,NA,2,1,0,1,0,"station",0.97666670481364,22,"cru"
"109",2005,7,16,230263,NA,NA,NA,0,0,0,0,0,"adjacent",0.154838715830157,23.5,"cru"
"110",2005,7,16,230263,NA,NA,NA,0,0,0,0,0,"station",0.312903219653714,21.2000007629395,"cru"
"111",2005,8,34,230263,NA,NA,NA,0,0,0,0,0,"adjacent",0.0451612895534884,23.8000011444092,"cru"
"112",2005,8,34,230263,NA,NA,NA,0,0,0,0,0,"station",0.0806451612903226,21.8000011444092,"cru"
"113",2005,9,14,230263,NA,NA,NA,2,1,0,1,0,"adjacent",0.116666666666667,23.6000003814697,"cru"
"114",2005,9,14,230263,NA,NA,NA,2,1,0,1,0,"station",0.260000006357829,21.7000007629395,"cru"
"115",2005,10,8,230263,NA,NA,NA,0,0,0,0,0,"adjacent",0.200000009229106,23.7000007629395,"cru"
"116",2005,10,8,230263,NA,NA,NA,0,0,0,0,0,"station",0.877419379449661,21.6000003814697,"cru"
"117",2005,11,12,230263,NA,NA,NA,2,1,0,1,0,"adjacent",0.160000006357829,23.7000007629395,"cru"
"118",2005,11,12,230263,NA,NA,NA,2,1,0,1,0,"station",0.836666679382323,21.2000007629395,"cru"
"119",2005,12,2,230263,NA,NA,NA,2,1,0,1,0,"adjacent",0.387096774193548,25.3999996185303,"cru"
"120",2005,12,2,230263,NA,NA,NA,2,1,0,1,0,"station",1.2741935483871,22.6000003814697,"cru"
"121",2006,1,31,233405,NA,NA,NA,2,1,0,1,0,"adjacent",2.07741940406061,26.6000003814697,"cru"
"122",2006,1,31,233405,NA,NA,NA,2,1,0,1,0,"station",3.16451607981036,23.2000007629395,"cru"
"123",2006,2,111,233405,NA,NA,NA,0,0,0,0,0,"adjacent",5.4931035535089,27.3999996185303,"cru"
"124",2006,2,111,233405,NA,NA,NA,0,0,0,0,0,"station",7.3448275862069,23.6000003814697,"cru"
"125",2006,3,120,233405,NA,NA,NA,1,1,0,0,0,"adjacent",5.28064506284652,27.1000003814697,"cru"
"126",2006,3,120,233405,NA,NA,NA,1,1,0,0,0,"station",7.16129032258065,23.3000011444092,"cru"
"127",2006,4,0,233405,NA,NA,NA,0,0,0,0,0,"adjacent",1.37666664123535,26.2000007629395,"cru"
"128",2006,4,0,233405,NA,NA,NA,0,0,0,0,0,"station",2.13666661580404,22.8999996185303,"cru"
"129",2006,5,0,233405,NA,NA,NA,0,0,0,0,0,"adjacent",0.425806445460164,25.1000003814697,"cru"
"130",2006,5,0,233405,NA,NA,NA,0,0,0,0,0,"station",0.5870967988045,22.3999996185303,"cru"
"131",2006,6,0,233405,NA,NA,NA,0,0,0,0,0,"adjacent",0.80333334604899,24.5,"cru"
"132",2006,6,0,233405,NA,NA,NA,0,0,0,0,0,"station",1.16333338419596,22.1000003814697,"cru"
"133",2006,7,0,233405,NA,NA,NA,0,0,0,0,0,"adjacent",0.258064516129032,24.3000011444092,"cru"
"134",2006,7,0,233405,NA,NA,NA,0,0,0,0,0,"station",0.538709702030306,22,"cru"
"135",2006,8,0,233405,NA,NA,NA,0,0,0,0,0,"adjacent",0.112903225806452,24.1000003814697,"cru"
"136",2006,8,0,233405,NA,NA,NA,0,0,0,0,0,"station",0.241935483870968,22.1000003814697,"cru"
"137",2006,9,0,233405,NA,NA,NA,2,1,0,1,0,"adjacent",0.253333330154419,23.6000003814697,"cru"
"138",2006,9,0,233405,NA,NA,NA,2,1,0,1,0,"station",0.613333320617677,21.7000007629395,"cru"
"139",2006,10,0,233405,NA,NA,NA,0,0,0,0,0,"adjacent",0.119354840247862,24.1000003814697,"cru"
"140",2006,10,0,233405,NA,NA,NA,0,0,0,0,0,"station",0.512903244264664,22,"cru"
"141",2006,11,0,233405,NA,NA,NA,0,0,0,0,0,"adjacent",0.286666679382324,25.2000007629395,"cru"
"142",2006,11,0,233405,NA,NA,NA,0,0,0,0,0,"station",1.62000007629395,22.6000003814697,"cru"
"143",2006,12,0,233405,NA,NA,NA,2,1,0,1,0,"adjacent",0.400000018458213,25.8000011444092,"cru"
"144",2006,12,0,233405,NA,NA,NA,2,1,0,1,0,"station",1.30322585567351,22.8999996185303,"cru"
"145",2007,1,74,236547,NA,NA,NA,0,0,0,0,0,"adjacent",2.15806456535093,27.3999996185303,"cru"
"146",2007,1,74,236547,NA,NA,NA,0,0,0,0,0,"station",2.9741936960528,24,"cru"
"147",2007,2,101,236547,NA,NA,NA,1,1,0,0,0,"adjacent",2.46896546462487,26.8999996185303,"cru"
"148",2007,2,101,236547,NA,NA,NA,1,1,0,0,0,"station",3.28965522503031,23.1000003814697,"cru"
"149",2007,3,154,236547,NA,NA,NA,2,1,0,1,0,"adjacent",2.96451617825416,26.8000011444092,"cru"
"150",2007,3,154,236547,NA,NA,NA,2,1,0,1,0,"station",3.98387096774194,23,"cru"
"151",2007,4,130,236547,NA,NA,NA,1,1,0,0,0,"adjacent",3.12666676839193,26.3000011444092,"cru"
"152",2007,4,130,236547,NA,NA,NA,1,1,0,0,0,"station",4.7933334350586,23,"cru"
"153",2007,5,135,236547,NA,NA,NA,1,1,0,0,0,"adjacent",1.03225806451613,24.5,"cru"
"154",2007,5,135,236547,NA,NA,NA,1,1,0,0,0,"station",1.54193545926002,21.8000011444092,"cru"
"155",2007,6,128,236547,NA,NA,NA,3,1,1,0,1,"adjacent",0.813333320617677,23.1000003814697,"cru"
"156",2007,6,128,236547,NA,NA,NA,3,1,1,0,1,"station",1.26333338419596,20.7000007629395,"cru"
"157",2007,7,68,236547,NA,NA,NA,2,1,0,0,1,"adjacent",0.570967766546435,22.8999996185303,"cru"
"158",2007,7,68,236547,NA,NA,NA,2,1,0,0,1,"station",1.24838712138515,20.7000007629395,"cru"
"159",2007,8,77,236547,NA,NA,NA,1,1,0,0,0,"adjacent",0.325806463918377,22.6000003814697,"cru"
"160",2007,8,77,236547,NA,NA,NA,1,1,0,0,0,"station",0.72903227036999,20.6000003814697,"cru"
"161",2007,9,56,236547,NA,NA,NA,1,1,0,0,0,"adjacent",0.240000009536743,22.8999996185303,"cru"
"162",2007,9,56,236547,NA,NA,NA,1,1,0,0,0,"station",0.57333335876465,21,"cru"
"163",2007,10,45,236547,NA,NA,NA,0,0,0,0,0,"adjacent",0.0935483901731429,23.1000003814697,"cru"
"164",2007,10,45,236547,NA,NA,NA,0,0,0,0,0,"station",0.416129050716277,21,"cru"
"165",2007,11,33,236547,NA,NA,NA,0,0,0,0,0,"adjacent",0.270000012715658,23.8999996185303,"cru"
"166",2007,11,33,236547,NA,NA,NA,0,0,0,0,0,"station",1.59000002543132,21.5,"cru"
"167",2007,12,6,236547,NA,NA,NA,0,0,0,0,0,"adjacent",0.293548399402249,24.5,"cru"
"168",2007,12,6,236547,NA,NA,NA,0,0,0,0,0,"station",0.941935508481919,21.8000011444092,"cru"
"169",2008,1,30,239688,NA,NA,NA,1,1,0,0,0,"adjacent",2.325806402391,26.3000011444092,"cru"
"170",2008,1,30,239688,NA,NA,NA,1,1,0,0,0,"station",3.48709672497165,23,"cru"
"171",2008,2,35,239688,NA,NA,NA,0,0,0,0,0,"adjacent",11.0344827586207,27,"cru"
"172",2008,2,35,239688,NA,NA,NA,0,0,0,0,0,"station",14.4551728347252,23.2000007629395,"cru"
"173",2008,3,40,239688,NA,NA,NA,0,0,0,0,0,"adjacent",9.06774213237149,27.3999996185303,"cru"
"174",2008,3,40,239688,NA,NA,NA,0,0,0,0,0,"station",11.7741935483871,23.5,"cru"
"175",2008,4,16,239688,NA,NA,NA,1,1,0,0,0,"adjacent",7.42000020345053,26.2000007629395,"cru"
"176",2008,4,16,239688,NA,NA,NA,1,1,0,0,0,"station",10.6299997965495,22.8999996185303,"cru"
"177",2008,5,1,239688,NA,NA,NA,0,0,0,0,0,"adjacent",1.05806449151808,24.6000003814697,"cru"
"178",2008,5,1,239688,NA,NA,NA,0,0,0,0,0,"station",1.58387104157479,22,"cru"
"179",2008,6,10,239688,NA,NA,NA,1,1,0,0,0,"adjacent",0.35,24.2000007629395,"cru"
"180",2008,6,10,239688,NA,NA,NA,1,1,0,0,0,"station",0.51333335240682,21.7000007629395,"cru"
"181",2008,7,6,239688,NA,NA,NA,1,1,0,0,0,"adjacent",1.19032262986706,24.1000003814697,"cru"
"182",2008,7,6,239688,NA,NA,NA,1,1,0,0,0,"station",2.26451627669796,21.8000011444092,"cru"
"183",2008,8,5,239688,NA,NA,NA,0,0,0,0,0,"adjacent",0.709677419354839,24.2000007629395,"cru"
"184",2008,8,5,239688,NA,NA,NA,0,0,0,0,0,"station",1.65806456535093,22.1000003814697,"cru"
"185",2008,9,3,239688,NA,NA,NA,0,0,0,0,0,"adjacent",0.240000009536743,24.1000003814697,"cru"
"186",2008,9,3,239688,NA,NA,NA,0,0,0,0,0,"station",0.579999987284343,22.1000003814697,"cru"
"187",2008,10,7,239688,NA,NA,NA,0,0,0,0,0,"adjacent",0.267741941636608,24.1000003814697,"cru"
"188",2008,10,7,239688,NA,NA,NA,0,0,0,0,0,"station",1.29032258064516,21.8999996185303,"cru"
"189",2008,11,5,239688,NA,NA,NA,0,0,0,0,0,"adjacent",0.166666666666667,24.3000011444092,"cru"
"190",2008,11,5,239688,NA,NA,NA,0,0,0,0,0,"station",0.970000012715657,21.8000011444092,"cru"
"191",2008,12,12,239688,NA,NA,NA,0,0,0,0,0,"adjacent",0.358064528434506,25.2000007629395,"cru"
"192",2008,12,12,239688,NA,NA,NA,0,0,0,0,0,"station",1.15806456535093,22.3999996185303,"cru"
"193",2009,1,38,242830,NA,NA,NA,2,1,0,0,1,"adjacent",4.74838699833039,26.1000003814697,"cru"
"194",2009,1,38,242830,NA,NA,NA,2,1,0,0,1,"station",6.91935483870968,22.8000011444092,"cru"
"195",2009,2,53,242830,NA,NA,NA,3,1,1,0,1,"adjacent",3.95862079488821,26.8999996185303,"cru"
"196",2009,2,53,242830,NA,NA,NA,3,1,1,0,1,"station",5.27241410880252,23,"cru"
"197",2009,3,49,242830,NA,NA,NA,1,1,0,0,0,"adjacent",3.99354848554058,26.3999996185303,"cru"
"198",2009,3,49,242830,NA,NA,NA,1,1,0,0,0,"station",5.29677409510458,22.7000007629395,"cru"
"199",2009,4,47,242830,NA,NA,NA,1,1,0,0,0,"adjacent",1.9,27.3000011444092,"cru"
"200",2009,4,47,242830,NA,NA,NA,1,1,0,0,0,"station",2.88666661580404,24,"cru"
"201",2009,5,41,242830,NA,NA,NA,1,1,0,0,0,"adjacent",6.40000029533139,25.8000011444092,"cru"
"202",2009,5,41,242830,NA,NA,NA,1,1,0,0,0,"station",8.22903245495213,23.1000003814697,"cru"
"203",2009,6,45,242830,NA,NA,NA,1,1,0,0,0,"adjacent",0.610000038146973,24.8999996185303,"cru"
"204",2009,6,45,242830,NA,NA,NA,1,1,0,0,0,"station",0.913333320617677,22.5,"cru"
"205",2009,7,87,242830,NA,NA,NA,0,0,0,0,0,"adjacent",0.187096780346286,24.5,"cru"
"206",2009,7,87,242830,NA,NA,NA,0,0,0,0,0,"station",0.393548380944035,22.2000007629395,"cru"
"207",2009,8,44,242830,NA,NA,NA,0,0,0,0,0,"adjacent",0.212903222730083,24.3999996185303,"cru"
"208",2009,8,44,242830,NA,NA,NA,0,0,0,0,0,"station",0.451612903225806,22.3999996185303,"cru"
"209",2009,9,27,242830,NA,NA,NA,1,1,0,0,0,"adjacent",0.190000009536743,24.3000011444092,"cru"
"210",2009,9,27,242830,NA,NA,NA,1,1,0,0,0,"station",0.46333335240682,22.5,"cru"
"211",2009,10,47,242830,NA,NA,NA,0,0,0,0,0,"adjacent",0.151612912454913,24.5,"cru"
"212",2009,10,47,242830,NA,NA,NA,0,0,0,0,0,"station",0.709677419354839,22.3999996185303,"cru"
"213",2009,11,57,242830,NA,NA,NA,0,0,0,0,0,"adjacent",0.283333333333333,25.2000007629395,"cru"
"214",2009,11,57,242830,NA,NA,NA,0,0,0,0,0,"station",1.4,22.7000007629395,"cru"
"215",2009,12,110,242830,NA,NA,NA,0,0,0,0,0,"adjacent",1.26451615364321,26.2000007629395,"cru"
"216",2009,12,110,242830,NA,NA,NA,0,0,0,0,0,"station",3.75806451612903,23.3999996185303,"cru"
"217",2010,1,310,245972,NA,NA,NA,0,0,0,0,0,"adjacent",1.90322580645161,27.3999996185303,"cru"
"218",2010,1,310,245972,NA,NA,NA,0,0,0,0,0,"station",2.65806456535093,24.1000003814697,"cru"
"219",2010,2,720,245972,NA,NA,NA,0,0,0,0,0,"adjacent",6.5,27.7000007629395,"cru"
"220",2010,2,720,245972,NA,NA,NA,0,0,0,0,0,"station",8.79310344827586,23.8999996185303,"cru"
"221",2010,3,330,245972,NA,NA,NA,1,1,0,0,0,"adjacent",4.18709687263736,27.6000003814697,"cru"
"222",2010,3,330,245972,NA,NA,NA,1,1,0,0,0,"station",5.29677409510458,23.8999996185303,"cru"
"223",2010,4,126,245972,NA,NA,NA,1,1,0,0,0,"adjacent",8.6433339436849,27.2000007629395,"cru"
"224",2010,4,126,245972,NA,NA,NA,1,1,0,0,0,"station",12.4433339436849,23.8999996185303,"cru"
"225",2010,5,131,245972,NA,NA,NA,0,0,0,0,0,"adjacent",2.56129037180255,25.8999996185303,"cru"
"226",2010,5,131,245972,NA,NA,NA,0,0,0,0,0,"station",3.50645176056894,23.2000007629395,"cru"
"227",2010,6,88,245972,NA,NA,NA,1,1,0,0,0,"adjacent",0.870000012715657,24.3999996185303,"cru"
"228",2010,6,88,245972,NA,NA,NA,1,1,0,0,0,"station",1.32000007629395,22,"cru"
"229",2010,7,51,245972,NA,NA,NA,1,1,0,0,0,"adjacent",0.796774218159339,23.3999996185303,"cru"
"230",2010,7,51,245972,NA,NA,NA,1,1,0,0,0,"station",1.70322578184066,21.1000003814697,"cru"
"231",2010,8,23,245972,NA,NA,NA,1,1,0,0,0,"adjacent",0.135483880196848,23.3000011444092,"cru"
"232",2010,8,23,245972,NA,NA,NA,1,1,0,0,0,"station",0.303225824909825,21.3999996185303,"cru"
"233",2010,9,26,245972,NA,NA,NA,1,1,0,0,0,"adjacent",0.306666660308838,23.5,"cru"
"234",2010,9,26,245972,NA,NA,NA,1,1,0,0,0,"station",0.766666666666667,21.7000007629395,"cru"
"235",2010,10,32,245972,NA,NA,NA,0,0,0,0,0,"adjacent",0.364516135184997,23.8000011444092,"cru"
"236",2010,10,32,245972,NA,NA,NA,0,0,0,0,0,"station",1.49677424277029,21.7000007629395,"cru"
"237",2010,11,13,245972,NA,NA,NA,1,1,0,0,0,"adjacent",0.193333339691162,24,"cru"
"238",2010,11,13,245972,NA,NA,NA,1,1,0,0,0,"station",1.09000002543132,21.5,"cru"
"239",2010,12,32,245972,NA,NA,NA,0,0,0,0,0,"adjacent",0.641935471565493,24.6000003814697,"cru"
"240",2010,12,32,245972,NA,NA,NA,0,0,0,0,0,"station",2.10645171134703,21.8000011444092,"cru"
"241",2011,1,32,256022,NA,NA,NA,1,1,0,0,0,"adjacent",2.11290322580645,25.8999996185303,"cru"
"242",2011,1,32,256022,NA,NA,NA,1,1,0,0,0,"station",3.07741940406061,22.6000003814697,"cru"
"243",2011,2,14,256022,NA,NA,NA,2,1,0,0,1,"adjacent",4.08620689655172,26.5,"cru"
"244",2011,2,14,256022,NA,NA,NA,2,1,0,0,1,"station",5.91034514328528,22.7000007629395,"cru"
"245",2011,3,26,256022,NA,NA,NA,2,1,1,0,0,"adjacent",2.3741934991652,26.3000011444092,"cru"
"246",2011,3,26,256022,NA,NA,NA,2,1,1,0,0,"station",3.17741935483871,22.5,"cru"
"247",2011,4,43,256022,NA,NA,NA,2,0,1,0,1,"adjacent",3.51000010172527,26.5,"cru"
"248",2011,4,43,256022,NA,NA,NA,2,0,1,0,1,"station",5.7933334350586,23.2000007629395,"cru"
"249",2011,5,96,256022,NA,NA,NA,3,1,1,0,1,"adjacent",3.43870962819745,25.8000011444092,"cru"
"250",2011,5,96,256022,NA,NA,NA,3,1,1,0,1,"station",4.51612903225806,23.1000003814697,"cru"
"251",2011,6,309,256022,NA,NA,NA,3,1,1,0,1,"adjacent",1.18666674296061,25.2000007629395,"cru"
"252",2011,6,309,256022,NA,NA,NA,3,1,1,0,1,"station",1.70666669209798,22.7000007629395,"cru"
"253",2011,7,278,256022,NA,NA,NA,3,1,1,0,1,"adjacent",0.803225794146139,23.7000007629395,"cru"
"254",2011,7,278,256022,NA,NA,NA,3,1,1,0,1,"station",1.64838717060705,21.3999996185303,"cru"
"255",2011,8,144,256022,NA,NA,NA,3,1,1,0,1,"adjacent",0.106451611365041,23.7000007629395,"cru"
"256",2011,8,144,256022,NA,NA,NA,3,1,1,0,1,"station",0.229032254988147,21.8000011444092,"cru"
"257",2011,9,68,256022,NA,NA,NA,3,1,1,0,1,"adjacent",0.38999999364217,23.5,"cru"
"258",2011,9,68,256022,NA,NA,NA,3,1,1,0,1,"station",1.01000003814697,21.6000003814697,"cru"
"259",2011,10,72,256022,NA,NA,NA,2,1,1,0,0,"adjacent",0.290322580645161,23.5,"cru"
"260",2011,10,72,256022,NA,NA,NA,2,1,1,0,0,"station",1.27741942867156,21.3999996185303,"cru"
"261",2011,11,44,256022,NA,NA,NA,2,1,0,0,1,"adjacent",0.483333333333333,24.5,"cru"
"262",2011,11,44,256022,NA,NA,NA,2,1,0,0,1,"station",2.59333343505859,21.8999996185303,"cru"
"263",2011,12,20,256022,NA,NA,NA,3,1,1,0,1,"adjacent",1.68064523512317,25.2000007629395,"cru"
"264",2011,12,20,256022,NA,NA,NA,3,1,1,0,1,"station",5.08064516129032,22.3000011444092,"cru"
"265",2012,1,5,259620,NA,NA,NA,3,1,1,0,1,"adjacent",5.29354858398439,25.8999996185303,"cru"
"266",2012,1,5,259620,NA,NA,NA,3,1,1,0,1,"station",7.81935513404107,22.6000003814697,"cru"
"267",2012,2,78,259620,NA,NA,NA,3,1,1,0,1,"adjacent",7.17241379310345,25.8999996185303,"cru"
"268",2012,2,78,259620,NA,NA,NA,3,1,1,0,1,"station",9.8000004209321,22.1000003814697,"cru"
"269",2012,3,70,259620,NA,NA,NA,3,1,1,0,1,"adjacent",6.43870987430697,26.8000011444092,"cru"
"270",2012,3,70,259620,NA,NA,NA,3,1,1,0,1,"station",8.07096764349168,23,"cru"
"271",2012,4,54,259620,NA,NA,NA,3,1,1,0,1,"adjacent",4.34666697184243,27,"cru"
"272",2012,4,54,259620,NA,NA,NA,3,1,1,0,1,"station",6.4633336385091,23.6000003814697,"cru"
"273",2012,5,80,259620,NA,NA,NA,3,1,1,0,1,"adjacent",1.46451617825416,26.1000003814697,"cru"
"274",2012,5,80,259620,NA,NA,NA,3,1,1,0,1,"station",2.15806456535093,23.3000011444092,"cru"
"275",2012,6,50,259620,NA,NA,NA,3,1,1,0,1,"adjacent",0.67333335876465,25.3999996185303,"cru"
"276",2012,6,50,259620,NA,NA,NA,3,1,1,0,1,"station",1.01000003814697,23,"cru"
"277",2012,7,29,259620,NA,NA,NA,3,1,1,0,1,"adjacent",0.0903225791069768,24.3999996185303,"cru"
"278",2012,7,29,259620,NA,NA,NA,3,1,1,0,1,"station",0.170967748088221,22.1000003814697,"cru"
"279",2012,8,16,259620,NA,NA,NA,3,1,1,0,1,"adjacent",0.103225807989797,23.8999996185303,"cru"
"280",2012,8,16,259620,NA,NA,NA,3,1,1,0,1,"station",0.219354844862415,21.8999996185303,"cru"
"281",2012,9,37,259620,NA,NA,NA,3,1,1,0,1,"adjacent",0.146666669845581,24.1000003814697,"cru"
"282",2012,9,37,259620,NA,NA,NA,3,1,1,0,1,"station",0.35333334604899,22.2000007629395,"cru"
"283",2012,10,23,259620,NA,NA,NA,3,1,1,0,1,"adjacent",0.280645155137585,24.2000007629395,"cru"
"284",2012,10,23,259620,NA,NA,NA,3,1,1,0,1,"station",1.29999997538905,22.1000003814697,"cru"
"285",2012,11,18,259620,NA,NA,NA,0,0,0,0,0,"adjacent",0.346666685740153,24.8999996185303,"cru"
"286",2012,11,18,259620,NA,NA,NA,0,0,0,0,0,"station",1.95333340962728,22.3999996185303,"cru"
"287",2012,12,7,259620,NA,NA,NA,0,0,0,0,0,"adjacent",0.451612903225806,25.2000007629395,"cru"
"288",2012,12,7,259620,NA,NA,NA,0,0,0,0,0,"station",1.44193550848192,22.3999996185303,"cru"
"289",2013,1,19,263161,NA,NA,NA,2,1,1,0,0,"adjacent",2.66774208314957,26.3000011444092,"cru"
"290",2013,1,19,263161,NA,NA,NA,2,1,1,0,0,"station",3.90967756702055,23.1000003814697,"cru"
"291",2013,2,46,263161,NA,NA,NA,3,1,1,0,1,"adjacent",4.47586217419855,26.8000011444092,"cru"
"292",2013,2,46,263161,NA,NA,NA,3,1,1,0,1,"station",6.31724127407731,23,"cru"
"293",2013,3,47,263161,NA,NA,NA,3,1,1,0,1,"adjacent",6.92903235650832,26.6000003814697,"cru"
"294",2013,3,47,263161,NA,NA,NA,3,1,1,0,1,"station",8.51612903225806,22.8000011444092,"cru"
"295",2013,4,60,263161,NA,NA,NA,2,0,1,0,1,"adjacent",2.7533332824707,25.6000003814697,"cru"
"296",2013,4,60,263161,NA,NA,NA,2,0,1,0,1,"station",3.92666676839193,22.3999996185303,"cru"
"297",2013,5,89,263161,NA,NA,NA,3,1,1,0,1,"adjacent",2.19677414432649,25.1000003814697,"cru"
"298",2013,5,89,263161,NA,NA,NA,3,1,1,0,1,"station",3.25483875889932,22.3999996185303,"cru"
"299",2013,6,64,263161,NA,NA,NA,3,1,1,0,1,"adjacent",0.420000012715657,23.7000007629395,"cru"
"300",2013,6,64,263161,NA,NA,NA,3,1,1,0,1,"station",0.64666665395101,21.3999996185303,"cru"
"301",2013,7,59,263161,NA,NA,NA,2,1,1,0,0,"adjacent",0.341935496176442,22.8999996185303,"cru"
"302",2013,7,59,263161,NA,NA,NA,2,1,1,0,0,"station",0.725806451612903,20.6000003814697,"cru"
"303",2013,8,25,263161,NA,NA,NA,1,1,0,0,0,"adjacent",0.170967748088221,23.1000003814697,"cru"
"304",2013,8,25,263161,NA,NA,NA,1,1,0,0,0,"station",0.367741953942084,21.1000003814697,"cru"
"305",2013,9,35,263161,NA,NA,NA,1,1,0,0,0,"adjacent",0.273333326975505,23.8000011444092,"cru"
"306",2013,9,35,263161,NA,NA,NA,1,1,0,0,0,"station",0.683333333333333,21.8999996185303,"cru"
"307",2013,10,17,263161,NA,NA,NA,2,1,1,0,0,"adjacent",0.487096786499023,23.8999996185303,"cru"
"308",2013,10,17,263161,NA,NA,NA,2,1,1,0,0,"station",2.20645166212513,21.8000011444092,"cru"
"309",2013,11,8,263161,NA,NA,NA,1,1,0,0,0,"adjacent",0.0733333349227907,24.6000003814697,"cru"
"310",2013,11,8,263161,NA,NA,NA,1,1,0,0,0,"station",0.41333335240682,22,"cru"
"311",2013,12,8,263161,NA,NA,NA,0,0,0,0,0,"adjacent",0.541935520787394,25.6000003814697,"cru"
"312",2013,12,8,263161,NA,NA,NA,0,0,0,0,0,"station",1.63225813834898,22.8000011444092,"cru"
"313",2014,1,19,266638,NA,NA,NA,3,1,1,0,1,"adjacent",1.81935488793158,26.7000007629395,"cru"
"314",2014,1,19,266638,NA,NA,NA,3,1,1,0,1,"station",2.70645166212513,23.3999996185303,"cru"
"315",2014,2,11,266638,NA,NA,NA,3,1,1,0,1,"adjacent",4.13448281123721,26.8000011444092,"cru"
"316",2014,2,11,266638,NA,NA,NA,3,1,1,0,1,"station",5.73448286385372,23,"cru"
"317",2014,3,15,266638,NA,NA,NA,3,1,1,0,1,"adjacent",4.21290342269406,26.8000011444092,"cru"
"318",2014,3,15,266638,NA,NA,NA,3,1,1,0,1,"station",5.76774203392768,23,"cru"
"319",2014,4,64,266638,NA,NA,NA,4,1,1,1,1,"adjacent",2.43666661580404,26.3000011444092,"cru"
"320",2014,4,64,266638,NA,NA,NA,4,1,1,1,1,"station",3.55666681925457,23,"cru"
"321",2014,5,209,266638,NA,NA,NA,3,1,1,0,1,"adjacent",1.95806454073998,26.6000003814697,"cru"
"322",2014,5,209,266638,NA,NA,NA,3,1,1,0,1,"station",2.85161295244771,23.8999996185303,"cru"
"323",2014,6,261,266638,NA,NA,NA,3,1,1,0,1,"adjacent",0.87666670481364,25.7000007629395,"cru"
"324",2014,6,261,266638,NA,NA,NA,3,1,1,0,1,"station",1.35666669209798,23.3000011444092,"cru"
"325",2014,7,151,266638,NA,NA,NA,4,1,1,1,1,"adjacent",0.735483907884168,24.2000007629395,"cru"
"326",2014,7,151,266638,NA,NA,NA,4,1,1,1,1,"station",1.37741937944966,21.8999996185303,"cru"
"327",2014,8,163,266638,NA,NA,NA,4,1,1,1,1,"adjacent",0.26129033488612,23.8999996185303,"cru"
"328",2014,8,163,266638,NA,NA,NA,4,1,1,1,1,"station",0.606451649819652,21.8999996185303,"cru"
"329",2014,9,76,266638,NA,NA,NA,2,1,1,0,0,"adjacent",0.636666679382323,24.2000007629395,"cru"
"330",2014,9,76,266638,NA,NA,NA,2,1,1,0,0,"station",1.43000005086263,22.3000011444092,"cru"
"331",2014,10,15,266638,NA,NA,NA,3,1,1,0,1,"adjacent",0.41290323195919,24.5,"cru"
"332",2014,10,15,266638,NA,NA,NA,3,1,1,0,1,"station",1.98387096774194,22.3999996185303,"cru"
"333",2014,11,16,266638,NA,NA,NA,2,1,1,0,0,"adjacent",0.0800000031789143,24.8999996185303,"cru"
"334",2014,11,16,266638,NA,NA,NA,2,1,1,0,0,"station",0.46000000635783,22.3999996185303,"cru"
"335",2014,12,6,266638,NA,NA,NA,3,1,1,0,1,"adjacent",1.15483868506647,25.6000003814697,"cru"
"336",2014,12,6,266638,NA,NA,NA,3,1,1,0,1,"station",3.34516143798829,22.8000011444092,"cru"
